ts,video_id,title,channel_title,dwell_sec,disliked,skipped
1749657906,QxB6FspDfGU,I Ranked Every Credit Card (Here‚Äôs What‚Äôs ACTUALLY Good),Daniel Braun,0,0,0
1749657906,QxB6FspDfGU,I Ranked Every Credit Card (Here‚Äôs What‚Äôs ACTUALLY Good),Daniel Braun,0,0,0
1749658650,9dFRUUYMdNE,My manager,RollsTales,0,0,0
1749658650,9dFRUUYMdNE,My manager,RollsTales,0,0,0
1749659046,cN3rRKkri94,Minecraft TNT Village #minecraftshortlive,Nacils,0,0,0
1749659046,cN3rRKkri94,Minecraft TNT Village #minecraftshortlive,Nacils,0,0,0
1749660010,apxyY0Kue10,Watch me golf! Putting practice!,Sam Lawther,0,0,0
1749660010,apxyY0Kue10,Watch me golf! Putting practice!,Sam Lawther,0,0,0
1749660946,QiqAOJjgIo0,Ask a Physicist - Office Hours with Dr. Blitz  - 6/11/2025,Dr. Blitz,0,0,0
1749660946,QiqAOJjgIo0,Ask a Physicist - Office Hours with Dr. Blitz  - 6/11/2025,Dr. Blitz,0,0,0
1749668522,2rZoi97cy4s,Taarak Mehta Ka Ooltah Chashmah - Episode 516 - Full Episode,Taarak Mehta Ka Ooltah Chashmah Episodes,0,0,0
1749668522,2rZoi97cy4s,Taarak Mehta Ka Ooltah Chashmah - Episode 516 - Full Episode,Taarak Mehta Ka Ooltah Chashmah Episodes,0,0,0
1749670568,6DmXlJwaP0I,family guy out of context,Forte,0,0,0
1749670568,6DmXlJwaP0I,family guy out of context,Forte,0,0,0
1749670873,KkN6I3gZfGI,"The 'Buy Now Pay Later' Trap, Explained",Grant Rudow,0,0,0
1749670873,KkN6I3gZfGI,"The 'Buy Now Pay Later' Trap, Explained",Grant Rudow,0,0,0
1749671470,nHqMt-7SGUw,I Took America's Worst Possible Flight,Tonio Guajardo,0,0,0
1749671470,nHqMt-7SGUw,I Took America's Worst Possible Flight,Tonio Guajardo,0,0,0
1749702637,Q2A2iD_wJOs,The SaaS Founder's Guide to Building the Perfect Team (step-by-step),MicroConf,0,0,0
1749702637,Q2A2iD_wJOs,The SaaS Founder's Guide to Building the Perfect Team (step-by-step),MicroConf,0,0,0
1749702648,leQAuJSNKqg,How to Find PROFITABLE Micro SaaS Ideas in 2025,MicroConf,0,0,0
1749702648,leQAuJSNKqg,How to Find PROFITABLE Micro SaaS Ideas in 2025,MicroConf,0,0,0
1749703779,7MpAQeeep-U,"5 Micro SaaS Making $100,000/Month (Ai + No Code)",Brett Malinowski,0,0,0
1749703779,7MpAQeeep-U,"5 Micro SaaS Making $100,000/Month (Ai + No Code)",Brett Malinowski,0,0,0
1749703784,dLxUlyYw2dk,7 AI SaaS Ideas You Can Build As A Solo Founder in 2025,Dr Alex Young,0,0,0
1749703784,dLxUlyYw2dk,7 AI SaaS Ideas You Can Build As A Solo Founder in 2025,Dr Alex Young,0,0,0
1749703789,_1_qEqY0siE,Top 5 AI SaaS Ideas & Business Opportunities for 2025,Alex Berman,0,0,0
1749703789,_1_qEqY0siE,Top 5 AI SaaS Ideas & Business Opportunities for 2025,Alex Berman,0,0,0
1749703810,fPkJn68u7EE,5 PROVEN Micro SaaS Ideas ($12K to $2M MRR) |  Build With AI!,Astro K Joseph,0,0,0
1749703810,fPkJn68u7EE,5 PROVEN Micro SaaS Ideas ($12K to $2M MRR) |  Build With AI!,Astro K Joseph,0,0,0
1749704127,KbiE2E7mDtc,"Amir Salihefendic: ""$0 to $10M+ ARR: Lessons Learned Scaling a SaaS Business"" @ SaaStanak 2025",SaaStanak,0,0,0
1749704127,KbiE2E7mDtc,"Amir Salihefendic: ""$0 to $10M+ ARR: Lessons Learned Scaling a SaaS Business"" @ SaaStanak 2025",SaaStanak,0,0,0
1749704159,2P9gPux6UfI,5 (Real) AI Agent Business Ideas For 2025,Simon H√∏iberg,0,0,0
1749704159,2P9gPux6UfI,5 (Real) AI Agent Business Ideas For 2025,Simon H√∏iberg,0,0,0
1749705293,lBAaWUJG2rE,11 Money Habits Keeping YOU Poor,Humphrey Yang,0,0,0
1749705293,lBAaWUJG2rE,11 Money Habits Keeping YOU Poor,Humphrey Yang,0,0,0
1749736580,l3NRp5l7kao,live trading #classictrader #autonomous #trading,Classic Trader 2.0,0,0,0
1749736580,l3NRp5l7kao,live trading #classictrader #autonomous #trading,Classic Trader 2.0,0,0,0
1749737798,f9E7vVh2hYs,How did you trick your entire high school?,Delilah Tales‚Ñ¢,0,0,0
1749737798,f9E7vVh2hYs,How did you trick your entire high school?,Delilah Tales‚Ñ¢,0,0,0
1749750426,6WXHWKDEbIs,6 SaaS Ideas To Build in 2025 (Before Someone Else Does)...,MicroConf,0,0,0
1749750426,6WXHWKDEbIs,6 SaaS Ideas To Build in 2025 (Before Someone Else Does)...,MicroConf,0,0,0
1749756116,iEwpMrfEsM4,"FLIPNOTE THURSDAY??? (1,500,000 SUBS SOON)",raxdflipnote,0,0,0
1749756116,iEwpMrfEsM4,"FLIPNOTE THURSDAY??? (1,500,000 SUBS SOON)",raxdflipnote,0,0,0
1749790393,fjenr_pN_ns,My 13 Sources of Income as a Software Engineer,Sajjaad Khader,0,0,0
1749790393,fjenr_pN_ns,My 13 Sources of Income as a Software Engineer,Sajjaad Khader,0,0,0
1749792468,xtfUT3YRPFo,Why Dollar Is A Global Currency?,Nitish Rajput,0,0,0
1749792468,xtfUT3YRPFo,Why Dollar Is A Global Currency?,Nitish Rajput,0,0,0
1749792485,vPlfKmILF6g,How Much of Your Paycheck Should You Save? (With Data),Humphrey Yang,0,0,0
1749792485,vPlfKmILF6g,How Much of Your Paycheck Should You Save? (With Data),Humphrey Yang,0,0,0
1749792514,Tfifs6lJR9I,"How To Go From $0 to $100,000+ in 2024",Humphrey Yang,0,0,0
1749792514,Tfifs6lJR9I,"How To Go From $0 to $100,000+ in 2024",Humphrey Yang,0,0,0
1749793935,SFT7ZhuIoUc,10 Businesses That Never Fail (and How to Buy Them),Kenny Finance,0,0,0
1749793935,SFT7ZhuIoUc,10 Businesses That Never Fail (and How to Buy Them),Kenny Finance,0,0,0
1749794029,mnKyg3K1O1g,"If you‚Äôre ambitious but lazy, please watch this‚Ä¶",Dan Martell,0,0,0
1749794029,mnKyg3K1O1g,"If you‚Äôre ambitious but lazy, please watch this‚Ä¶",Dan Martell,0,0,0
1749843004,l3nB7zC5CSI,3 AI Micro SaaS Ideas You Can Launch In 2025 as a Solo Founder,TK Kader,0,0,0
1749843004,l3nB7zC5CSI,3 AI Micro SaaS Ideas You Can Launch In 2025 as a Solo Founder,TK Kader,0,0,0
1749880487,wMxj6iB92ZA,How to Buy Stocks with Fidelity - Full Example,Jake Broe,0,0,0
1749880487,wMxj6iB92ZA,How to Buy Stocks with Fidelity - Full Example,Jake Broe,0,0,0
1749881162,YF5g5TgRp4Q,Fidelity Investments: How To Buy The S&P 500? Step-by-Step Tutorial,The Saving Secret,0,0,0
1749881162,YF5g5TgRp4Q,Fidelity Investments: How To Buy The S&P 500? Step-by-Step Tutorial,The Saving Secret,0,0,0
1749882047,iFz04-XX9ZQ,How Fast Before F1 Becomes Undriveable?,Driver61,0,0,0
1749882047,iFz04-XX9ZQ,How Fast Before F1 Becomes Undriveable?,Driver61,0,0,0
1749882863,SC2eSujzrUY,How One Company Secretly Poisoned The Planet,Veritasium,0,0,0
1749882863,SC2eSujzrUY,How One Company Secretly Poisoned The Planet,Veritasium,0,0,0
1749886313,zOjov-2OZ0E,Introduction to Programming and Computer Science - Full Course,freeCodeCamp.org,0,0,0
1749886313,zOjov-2OZ0E,Introduction to Programming and Computer Science - Full Course,freeCodeCamp.org,0,0,0
1749893804,wN0x9eZLix4,Object Oriented Programming (OOP) in C++ Course,freeCodeCamp.org,0,0,0
1749893804,wN0x9eZLix4,Object Oriented Programming (OOP) in C++ Course,freeCodeCamp.org,0,0,0
1749918156,Fg4pu80uTI0,üî¥ Vertical Cockpit Cam LIVE - Let's fly Boeing 737 Max 8 to Warsaw,Flight Streamer,0,0,0
1749918156,Fg4pu80uTI0,üî¥ Vertical Cockpit Cam LIVE - Let's fly Boeing 737 Max 8 to Warsaw,Flight Streamer,0,0,0
1749918576,-Ld-Vppy6xg,Mr. Wonderful X Fanbase,StartEngine,0,0,0
1749918576,-Ld-Vppy6xg,Mr. Wonderful X Fanbase,StartEngine,0,0,0
1749921393,90xnt2yRDWU,Fanbase Town Hall - Feat. Our CEO & CTO!,Fanbase,0,0,0
1749921393,90xnt2yRDWU,Fanbase Town Hall - Feat. Our CEO & CTO!,Fanbase,0,0,0
1749921459,pR082M8rq50,No Kings Rally,SuperDave44,0,0,0
1749921459,pR082M8rq50,No Kings Rally,SuperDave44,0,0,0
1749961868,a6eOyL5Xx0Y,STITCH IS HERE!!!!!!,SeoulCalStudios,0,0,0
1749961868,a6eOyL5Xx0Y,STITCH IS HERE!!!!!!,SeoulCalStudios,0,0,0
1749963560,PFQ3G3hJvgg,India‚Äôs Navy Just Did Something UNBELIEVABLE Against China-Pakistan,Business Basics,0,0,0
1749963560,PFQ3G3hJvgg,India‚Äôs Navy Just Did Something UNBELIEVABLE Against China-Pakistan,Business Basics,0,0,0
1749964318,SO7FFteErWs,A.I. LEARNS to Play Hill Climb Racing,Code Bullet,0,0,0
1749964318,SO7FFteErWs,A.I. LEARNS to Play Hill Climb Racing,Code Bullet,0,0,0
1750049607,V9am6bbxG0s,Why Did Air India AI-171 Plane Crash? | Possible Explanations,GetsetflySCIENCE by Gaurav Thakur,0,0,0
1750049607,V9am6bbxG0s,Why Did Air India AI-171 Plane Crash? | Possible Explanations,GetsetflySCIENCE by Gaurav Thakur,0,0,0
1750052930,nh7fdZ4pv_Q,IT'S JUST A FEW BAD APPLES,Delete Lawz,0,0,0
1750052930,nh7fdZ4pv_Q,IT'S JUST A FEW BAD APPLES,Delete Lawz,0,0,0
1750053418,4193LcWHiso,5 Signs You‚Äôre Over-Saving for Retirement,Humphrey Yang,0,0,0
1750053418,4193LcWHiso,5 Signs You‚Äôre Over-Saving for Retirement,Humphrey Yang,0,0,0
1750091239,GEyok0IzYUE,Index Funds vs Mutual Funds vs ETFs: The Ultimate Guide,Danny Sully,0,0,0
1750091239,GEyok0IzYUE,Index Funds vs Mutual Funds vs ETFs: The Ultimate Guide,Danny Sully,0,0,0
1750094314,VjgWbcpVZVw,"I'm 23, How Should I Be Investing?",The Ramsey Show Highlights,0,0,0
1750094314,VjgWbcpVZVw,"I'm 23, How Should I Be Investing?",The Ramsey Show Highlights,0,0,0
1750094513,fgXOjFiFvIg,What Kind of Investment Account Should I Open?,Wealthfront,0,0,0
1750094513,fgXOjFiFvIg,What Kind of Investment Account Should I Open?,Wealthfront,0,0,0
1750095403,P4NuvWK0ZFY,The 4 Best Fidelity Index Funds To Own For Life,Danny Sully,0,0,0
1750095403,P4NuvWK0ZFY,The 4 Best Fidelity Index Funds To Own For Life,Danny Sully,0,0,0
1750096302,fZdTCk0fKh0,5 Best Fidelity Index Funds To Buy and Hold Forever,Jarrad Morrow,0,0,0
1750096302,fZdTCk0fKh0,5 Best Fidelity Index Funds To Buy and Hold Forever,Jarrad Morrow,0,0,0
1750098433,qCqDz74kFkA,Nico Nel Media  is live!,Nico Nel Media ,0,0,0
1750098433,qCqDz74kFkA,Nico Nel Media  is live!,Nico Nel Media ,0,0,0
1750099705,YBxx29AkzlA,peter being relatable for 12 minutes,Forte,0,0,0
1750099705,YBxx29AkzlA,peter being relatable for 12 minutes,Forte,0,0,0
1750100593,FIiTqBqIEJU,Interviewing Bin Laden's Neighbors,RocaNews,0,0,0
1750100593,FIiTqBqIEJU,Interviewing Bin Laden's Neighbors,RocaNews,0,0,0
1750101028,zcx2L29b8eI,The Loneliest Flight in The World,Ice711,0,0,0
1750101028,zcx2L29b8eI,The Loneliest Flight in The World,Ice711,0,0,0
1750136429,onXn0YUmeWQ,World‚Äôs Best Cricketers Vs Impossible Batting Challenge üèè,Red Bull,0,0,0
1750136429,onXn0YUmeWQ,World‚Äôs Best Cricketers Vs Impossible Batting Challenge üèè,Red Bull,0,0,0
1750138147,meZ08t_bAyg,The 7 WORST Purchases To Make In Your 20s,Mark Tilbury,0,0,0
1750138147,meZ08t_bAyg,The 7 WORST Purchases To Make In Your 20s,Mark Tilbury,0,0,0
1750186081,2aqUXrxxQyM,Silent Sheep is live!,Sydney ,0,0,0
1750186081,2aqUXrxxQyM,Silent Sheep is live!,Sydney ,0,0,0
1750186081,2aqUXrxxQyM,Silent Sheep is live!,Sydney ,0,0,0
1750186307,Ekuc7MBhkdc,"If You Think That Google Maps Is Free, Think Again",Logically Answered,0,0,0
1750186307,Ekuc7MBhkdc,"If You Think That Google Maps Is Free, Think Again",Logically Answered,0,0,0
1750186307,Ekuc7MBhkdc,"If You Think That Google Maps Is Free, Think Again",Logically Answered,0,0,0
1750186765,GHACj27SqSM,How North Korea's Most Advanced Warship Sank in 7 Minutes,Fractal,0,0,0
1750186765,GHACj27SqSM,How North Korea's Most Advanced Warship Sank in 7 Minutes,Fractal,0,0,0
1750186765,GHACj27SqSM,How North Korea's Most Advanced Warship Sank in 7 Minutes,Fractal,0,0,0
1750187123,7KYMJrDM9AY,"The Loan Scam üòÇ | Ashish Chanchlani, Kunal Chhabhria, Rohit Sadhwani | Amazon MX Player",Amazon MX Player,0,0,0
1750187123,7KYMJrDM9AY,"The Loan Scam üòÇ | Ashish Chanchlani, Kunal Chhabhria, Rohit Sadhwani | Amazon MX Player",Amazon MX Player,0,0,0
1750187123,7KYMJrDM9AY,"The Loan Scam üòÇ | Ashish Chanchlani, Kunal Chhabhria, Rohit Sadhwani | Amazon MX Player",Amazon MX Player,0,0,0
1750187532,XTFsNqaqrjA,Family Guy - Dark Humor Compilation,Boba Fett,0,0,0
1750187532,XTFsNqaqrjA,Family Guy - Dark Humor Compilation,Boba Fett,0,0,0
1750187532,XTFsNqaqrjA,Family Guy - Dark Humor Compilation,Boba Fett,0,0,0
1750205756,DIcPcSxNIeQ,PING PONG TRICKSHOTS GIVIN AWAY STUFF! üò±,Aydashi,0,0,0
1750205756,DIcPcSxNIeQ,PING PONG TRICKSHOTS GIVIN AWAY STUFF! üò±,Aydashi,0,0,0
1750205756,DIcPcSxNIeQ,PING PONG TRICKSHOTS GIVIN AWAY STUFF! üò±,Aydashi,0,0,0
1750221558,T9KnTQPhLYI,This ‚ÄùMiracle‚Äù Should NEVER have Happened!,Mentour Pilot,0,0,0
1750221558,T9KnTQPhLYI,This ‚ÄùMiracle‚Äù Should NEVER have Happened!,Mentour Pilot,0,0,0
1750221558,T9KnTQPhLYI,This ‚ÄùMiracle‚Äù Should NEVER have Happened!,Mentour Pilot,0,0,0
1750221580,Q0MwtDPDIj4,What If We Planted 1 Trillion Trees?,Good News,0,0,0
1750221580,Q0MwtDPDIj4,What If We Planted 1 Trillion Trees?,Good News,0,0,0
1750221580,Q0MwtDPDIj4,What If We Planted 1 Trillion Trees?,Good News,0,0,0
1750223452,IuPL11CGz74,üî¥ Las Vegas is NOT DEAD,Taking a Walk111,0,0,0
1750223452,IuPL11CGz74,üî¥ Las Vegas is NOT DEAD,Taking a Walk111,0,0,0
1750223452,IuPL11CGz74,üî¥ Las Vegas is NOT DEAD,Taking a Walk111,0,0,0
1750277607,KQObIZhpZa8,"Good faith, linear God debates [6/18/2025]",Ian,0,0,0
1750277607,KQObIZhpZa8,"Good faith, linear God debates [6/18/2025]",Ian,0,0,0
1750277607,KQObIZhpZa8,"Good faith, linear God debates [6/18/2025]",Ian,0,0,0
1750288050,jFHdkrNKRNE,Divided States of America,Ari,0,0,0
1750288050,jFHdkrNKRNE,Divided States of America,Ari,0,0,0
1750288050,jFHdkrNKRNE,Divided States of America,Ari,0,0,0
1750307626,vatoACb4WaM,New India‚Äôs New Test: England 2025,Aakash Chopra,0,0,0
1750307626,vatoACb4WaM,New India‚Äôs New Test: England 2025,Aakash Chopra,0,0,0
1750307626,vatoACb4WaM,New India‚Äôs New Test: England 2025,Aakash Chopra,0,0,0
1750308898,vwJeN0xy_Ts,8 Wild Charts Breaking Down Football Like You‚Äôve NEVER Seen,Futbolistics,0,0,0
1750308898,vwJeN0xy_Ts,8 Wild Charts Breaking Down Football Like You‚Äôve NEVER Seen,Futbolistics,0,0,0
1750308898,vwJeN0xy_Ts,8 Wild Charts Breaking Down Football Like You‚Äôve NEVER Seen,Futbolistics,0,0,0
1750310020,8yueh8DkLZQ,27 Football Legends Share Who They Think the GOAT Is,Futbolistics,0,0,0
1750310020,8yueh8DkLZQ,27 Football Legends Share Who They Think the GOAT Is,Futbolistics,0,0,0
1750310020,8yueh8DkLZQ,27 Football Legends Share Who They Think the GOAT Is,Futbolistics,0,0,0
1750313777,LgcbrAGfBvs,BabblingBrook!e is live!,BabblingBrook!e,0,0,0
1750313777,LgcbrAGfBvs,BabblingBrook!e is live!,BabblingBrook!e,0,0,0
1750313777,LgcbrAGfBvs,BabblingBrook!e is live!,BabblingBrook!e,0,0,0
1750362349,bTUuhowUTvc,Cup Tower Deluxe!!! üíØüî• S3 EP2,Futza ,0,0,0
1750362349,bTUuhowUTvc,Cup Tower Deluxe!!! üíØüî• S3 EP2,Futza ,0,0,0
1750362349,bTUuhowUTvc,Cup Tower Deluxe!!! üíØüî• S3 EP2,Futza ,0,0,0
1750362923,yTqc-p4sAgs,elena_nanu is live!,elena_nanu,0,0,0
1750362923,yTqc-p4sAgs,elena_nanu is live!,elena_nanu,0,0,0
1750362923,yTqc-p4sAgs,elena_nanu is live!,elena_nanu,0,0,0
1750392954,GR1ruAFYvYs,June 20 2025,BOY KAON VLOGS,0,0,0
1750392954,GR1ruAFYvYs,June 20 2025,BOY KAON VLOGS,0,0,0
1750392954,GR1ruAFYvYs,June 20 2025,BOY KAON VLOGS,0,0,0
1750395611,P_fHJIYENdI,AlphaFold - The Most Useful Thing AI Has Ever Done,Veritasium,0,0,0
1750395611,P_fHJIYENdI,AlphaFold - The Most Useful Thing AI Has Ever Done,Veritasium,0,0,0
1750395611,P_fHJIYENdI,AlphaFold - The Most Useful Thing AI Has Ever Done,Veritasium,0,0,0
1750433882,JvnhRfJ7-us,Watch me golf! Putting practice!,Sam Lawther,0,0,0
1750433882,JvnhRfJ7-us,Watch me golf! Putting practice!,Sam Lawther,0,0,0
1750433882,JvnhRfJ7-us,Watch me golf! Putting practice!,Sam Lawther,0,0,0
1750450841,eZVun8Iwq4U,We Played Snake Across South Korea,Jet Lag: The Game,0,0,0
1750450841,eZVun8Iwq4U,We Played Snake Across South Korea,Jet Lag: The Game,0,0,0
1750450841,eZVun8Iwq4U,We Played Snake Across South Korea,Jet Lag: The Game,0,0,0
1750462505,fX0zirWy1yo,Why Did Gokuldham Men Sleep Outdoors? | Taarak Mehta Ka Ooltah Chashmah | Valentine's Celebration,Taarak Mehta Ka Ooltah Chashmah Episodes,0,0,0
1750462505,fX0zirWy1yo,Why Did Gokuldham Men Sleep Outdoors? | Taarak Mehta Ka Ooltah Chashmah | Valentine's Celebration,Taarak Mehta Ka Ooltah Chashmah Episodes,0,0,0
1750462505,fX0zirWy1yo,Why Did Gokuldham Men Sleep Outdoors? | Taarak Mehta Ka Ooltah Chashmah | Valentine's Celebration,Taarak Mehta Ka Ooltah Chashmah Episodes,0,0,0
1750467293,vwj6--NJaHg,Taarak Mehta Ka Ooltah Chashmah - Episode 1435 - Full Episode,Taarak Mehta Ka Ooltah Chashmah Episodes,0,0,0
1750467293,vwj6--NJaHg,Taarak Mehta Ka Ooltah Chashmah - Episode 1435 - Full Episode,Taarak Mehta Ka Ooltah Chashmah Episodes,0,0,0
1750467293,vwj6--NJaHg,Taarak Mehta Ka Ooltah Chashmah - Episode 1435 - Full Episode,Taarak Mehta Ka Ooltah Chashmah Episodes,0,0,0
1750490968,Rkija3HwJ-0,Why EVERYTHING Changes After $10K (7 Reasons),Humphrey Yang,0,0,0
1750490968,Rkija3HwJ-0,Why EVERYTHING Changes After $10K (7 Reasons),Humphrey Yang,0,0,0
1750490968,Rkija3HwJ-0,Why EVERYTHING Changes After $10K (7 Reasons),Humphrey Yang,0,0,0
1750523551,I3HPFoKrOPY,How To Play Baccarat,Casino Rama Resort,0,0,0
1750523551,I3HPFoKrOPY,How To Play Baccarat,Casino Rama Resort,0,0,0
1750523551,I3HPFoKrOPY,How To Play Baccarat,Casino Rama Resort,0,0,0
1750523808,cfsKtaED0Hw,CPAPLive,Ê°ÉÂ±±„ÇÇ„ÇÇ„Åü„Çç„ÅÜ„ÄêMr.Peach„Äë,0,0,0
1750523808,cfsKtaED0Hw,CPAPLive,Ê°ÉÂ±±„ÇÇ„ÇÇ„Åü„Çç„ÅÜ„ÄêMr.Peach„Äë,0,0,0
1750523808,cfsKtaED0Hw,CPAPLive,Ê°ÉÂ±±„ÇÇ„ÇÇ„Åü„Çç„ÅÜ„ÄêMr.Peach„Äë,0,0,0
1750524525,VYYIir3M50I,stockhunter2001 Live Stream LIVE CRYPTO TRADING I BITCOIN TRADING I BTC I GOLD I F&O I 21/06/2025,stockhunter2001,0,0,0
1750524525,VYYIir3M50I,stockhunter2001 Live Stream LIVE CRYPTO TRADING I BITCOIN TRADING I BTC I GOLD I F&O I 21/06/2025,stockhunter2001,0,0,0
1750524525,VYYIir3M50I,stockhunter2001 Live Stream LIVE CRYPTO TRADING I BITCOIN TRADING I BTC I GOLD I F&O I 21/06/2025,stockhunter2001,0,0,0
1750533271,FMIoxmCSCHo,How to clean and restore a cosmetology training head / mannequin hair care tutorial,RJ,0,0,0
1750533271,FMIoxmCSCHo,How to clean and restore a cosmetology training head / mannequin hair care tutorial,RJ,0,0,0
1750533271,FMIoxmCSCHo,How to clean and restore a cosmetology training head / mannequin hair care tutorial,RJ,0,0,0
1750533598,7i_HoM12UE8,Nico Nel Media  is live!üëë Golden Shhhh ü§î,Nico Nel Media ,0,0,0
1750533598,7i_HoM12UE8,Nico Nel Media  is live!üëë Golden Shhhh ü§î,Nico Nel Media ,0,0,0
1750533598,7i_HoM12UE8,Nico Nel Media  is live!üëë Golden Shhhh ü§î,Nico Nel Media ,0,0,0
1750570209,VOJ5hYyPPr0,My Arbitrage & +EV  Betting System as a Pro Bettor - (Using OddsView),Green Means Go Sports,0,0,0
1750570209,VOJ5hYyPPr0,My Arbitrage & +EV  Betting System as a Pro Bettor - (Using OddsView),Green Means Go Sports,0,0,0
1750570209,VOJ5hYyPPr0,My Arbitrage & +EV  Betting System as a Pro Bettor - (Using OddsView),Green Means Go Sports,0,0,0
1750570240,-eGwUExKEps,Arbitrage betting just got WAY EASIER in 2025,Juiced Bets,0,0,0
1750570240,-eGwUExKEps,Arbitrage betting just got WAY EASIER in 2025,Juiced Bets,0,0,0
1750570240,-eGwUExKEps,Arbitrage betting just got WAY EASIER in 2025,Juiced Bets,0,0,0
1750571247,kOqX2pGHYPw,Mastering Arbitrage Betting Made Easy - Follow This Tutorial!,"OddsJam: Sports Betting, Free Picks & Best Bets",0,0,0
1750571247,kOqX2pGHYPw,Mastering Arbitrage Betting Made Easy - Follow This Tutorial!,"OddsJam: Sports Betting, Free Picks & Best Bets",0,0,0
1750571247,kOqX2pGHYPw,Mastering Arbitrage Betting Made Easy - Follow This Tutorial!,"OddsJam: Sports Betting, Free Picks & Best Bets",0,0,0
1750574355,Kx1S7sOVHcQ,The NEGATIVES of Arbitrage Betting...(What They WON'T Tell You),Billy Collins,0,0,0
1750574355,Kx1S7sOVHcQ,The NEGATIVES of Arbitrage Betting...(What They WON'T Tell You),Billy Collins,0,0,0
1750574355,Kx1S7sOVHcQ,The NEGATIVES of Arbitrage Betting...(What They WON'T Tell You),Billy Collins,0,0,0
1750575349,md5C86tbQ0k,"The 'Car Loan' Trap, Explained",Grant Rudow,0,0,0
1750575349,md5C86tbQ0k,"The 'Car Loan' Trap, Explained",Grant Rudow,0,0,0
1750575349,md5C86tbQ0k,"The 'Car Loan' Trap, Explained",Grant Rudow,0,0,0
1750656680,sPm9pynCS0k,Do This EVERY Time You Get Paid (Paycheck Routine),Mark Tilbury,0,0,0
1750656680,sPm9pynCS0k,Do This EVERY Time You Get Paid (Paycheck Routine),Mark Tilbury,0,0,0
1750656680,sPm9pynCS0k,Do This EVERY Time You Get Paid (Paycheck Routine),Mark Tilbury,0,0,0
1750701031,lcU5LGYcTow,How To Fund A Fidelity Crypto¬Æ Account | Covering Crypto | Fidelity Investments,Fidelity Investments,0,0,0
1750701031,lcU5LGYcTow,How To Fund A Fidelity Crypto¬Æ Account | Covering Crypto | Fidelity Investments,Fidelity Investments,0,0,0
1750701031,lcU5LGYcTow,How To Fund A Fidelity Crypto¬Æ Account | Covering Crypto | Fidelity Investments,Fidelity Investments,0,0,0
1750744627,eGWyhteQfTM,TRUMP GETS A CEASEFIRE!? PLUS MORE,S.E.T Media Reacts,0,0,0
1750744627,eGWyhteQfTM,TRUMP GETS A CEASEFIRE!? PLUS MORE,S.E.T Media Reacts,0,0,0
1750744627,eGWyhteQfTM,TRUMP GETS A CEASEFIRE!? PLUS MORE,S.E.T Media Reacts,0,0,0
1750789558,WwxDIunwqjQ,Xtreme Paranoid Porcelain is live!,Xtreme Paranoid Porcelain,0,0,0
1750789558,WwxDIunwqjQ,Xtreme Paranoid Porcelain is live!,Xtreme Paranoid Porcelain,0,0,0
1750789558,WwxDIunwqjQ,Xtreme Paranoid Porcelain is live!,Xtreme Paranoid Porcelain,0,0,0
1750791228,EnVSqLg6xao,üî¥ LIVE - Italian Brainrot Marathon! Geometry Dash 2.2,Squidy,0,0,0
1750791228,EnVSqLg6xao,üî¥ LIVE - Italian Brainrot Marathon! Geometry Dash 2.2,Squidy,0,0,0
1750794639,kT06Ir1XWXw,Roasting My Subscribers' Investment Portfolios *crazy*,Humphrey Yang,0,0,0
1750794639,kT06Ir1XWXw,Roasting My Subscribers' Investment Portfolios *crazy*,Humphrey Yang,0,0,0
1750794639,kT06Ir1XWXw,Roasting My Subscribers' Investment Portfolios *crazy*,Humphrey Yang,0,0,0
1750795962,AEInDRlHRtk,"Gaurav Kapoor: Love Stories Roast, Nano‚Äôs Desi Romance Rumble!",LOL ZONE,0,0,0
1750795962,AEInDRlHRtk,"Gaurav Kapoor: Love Stories Roast, Nano‚Äôs Desi Romance Rumble!",LOL ZONE,0,0,0
1750795962,AEInDRlHRtk,"Gaurav Kapoor: Love Stories Roast, Nano‚Äôs Desi Romance Rumble!",LOL ZONE,0,0,0
1750797976,X2cbbGqrxn4,Brain Science Behind Unwanted Desires,Mason Cain,0,0,0
1750797976,X2cbbGqrxn4,Brain Science Behind Unwanted Desires,Mason Cain,0,0,0
1750797976,X2cbbGqrxn4,Brain Science Behind Unwanted Desires,Mason Cain,0,0,0
1750798060,vfwtOi06mQc,Sydney is here waiting for sav!,Sydney ,0,0,0
1750798060,vfwtOi06mQc,Sydney is here waiting for sav!,Sydney ,0,0,0
1750798060,vfwtOi06mQc,Sydney is here waiting for sav!,Sydney ,0,0,0
1750798065,cufJ_PObL3g,The greatest comeback of all time,David King,0,0,0
1750798065,cufJ_PObL3g,The greatest comeback of all time,David King,0,0,0
1750798065,cufJ_PObL3g,The greatest comeback of all time,David King,0,0,0
1750799180,SPCUwChFXgE,How One Trade Accidentally Built BOTH NBA Finals Teams,Hardwood Vault,0,0,0
1750799180,SPCUwChFXgE,How One Trade Accidentally Built BOTH NBA Finals Teams,Hardwood Vault,0,0,0
1750799180,SPCUwChFXgE,How One Trade Accidentally Built BOTH NBA Finals Teams,Hardwood Vault,0,0,0
1750801777,o5YI_GRB18s,Peter makes a hologram - Family Guy Season 21 Ep. 06 Full Nocuts,GH Family,0,0,0
1750801777,o5YI_GRB18s,Peter makes a hologram - Family Guy Season 21 Ep. 06 Full Nocuts,GH Family,0,0,0
1750801777,o5YI_GRB18s,Peter makes a hologram - Family Guy Season 21 Ep. 06 Full Nocuts,GH Family,0,0,0
1750801905,B1qRoJZh7V4,"Family Guy S22 EP 06 [No cuts, No Zoom] - Full Episode",Griffin Flicks,0,0,0
1750801905,B1qRoJZh7V4,"Family Guy S22 EP 06 [No cuts, No Zoom] - Full Episode",Griffin Flicks,0,0,0
1750801905,B1qRoJZh7V4,"Family Guy S22 EP 06 [No cuts, No Zoom] - Full Episode",Griffin Flicks,0,0,0
1750819480,FNayuJKzaI8,The10MinuteTrader is live!,The10MinuteTrader,0,0,0
1750819480,FNayuJKzaI8,The10MinuteTrader is live!,The10MinuteTrader,0,0,0
1750819480,FNayuJKzaI8,The10MinuteTrader is live!,The10MinuteTrader,0,0,0
1750826084,pjP_RKJcczw,Ally BingoBesties510 is live!,Ally BingoBesties510,0,0,0
1750826084,pjP_RKJcczw,Ally BingoBesties510 is live!,Ally BingoBesties510,0,0,0
1750826084,pjP_RKJcczw,Ally BingoBesties510 is live!,Ally BingoBesties510,0,0,0
1750827001,9IiYOTzJ2uw,I Built a Roller Coaster In My Lab,Mark Rober,0,0,0
1750827001,9IiYOTzJ2uw,I Built a Roller Coaster In My Lab,Mark Rober,0,0,0
1750827001,9IiYOTzJ2uw,I Built a Roller Coaster In My Lab,Mark Rober,0,0,0
1750827049,NNOkMRw78t8,The Backyard Beach Episode| S1 E2 | Full Episode | Phineas and Ferb | @disneychannel‚Äã,Disney Channel Animation,0,0,0
1750827049,NNOkMRw78t8,The Backyard Beach Episode| S1 E2 | Full Episode | Phineas and Ferb | @disneychannel‚Äã,Disney Channel Animation,0,0,0
1750827049,NNOkMRw78t8,The Backyard Beach Episode| S1 E2 | Full Episode | Phineas and Ferb | @disneychannel‚Äã,Disney Channel Animation,0,0,0
1750828556,DdjN4ddnl2E,How Blood Evolved (Many Times),PBS Eons,0,0,0
1750828556,DdjN4ddnl2E,How Blood Evolved (Many Times),PBS Eons,0,0,0
1750828556,DdjN4ddnl2E,How Blood Evolved (Many Times),PBS Eons,0,0,0
1750829036,E2O2Qs6B6JA,How to Know EXACTLY When to Sell a Stock,Investor52,0,0,0
1750829036,E2O2Qs6B6JA,How to Know EXACTLY When to Sell a Stock,Investor52,0,0,0
1750829036,E2O2Qs6B6JA,How to Know EXACTLY When to Sell a Stock,Investor52,0,0,0
1750829826,4u9QY8-wmfE,MansionAd_King of ads_DoneForYouAds_2025-06-02_05-10_Ad - BorisR_Edited (1),SMMA,0,0,0
1750829826,4u9QY8-wmfE,MansionAd_King of ads_DoneForYouAds_2025-06-02_05-10_Ad - BorisR_Edited (1),SMMA,0,0,0
1750829826,4u9QY8-wmfE,MansionAd_King of ads_DoneForYouAds_2025-06-02_05-10_Ad - BorisR_Edited (1),SMMA,0,0,0
1750871538,KdKZA74hhJg,Ep 2 - We Played Snake Across South Korea,Jet Lag: The Game,0,0,0
1750871538,KdKZA74hhJg,Ep 2 - We Played Snake Across South Korea,Jet Lag: The Game,0,0,0
1750871538,KdKZA74hhJg,Ep 2 - We Played Snake Across South Korea,Jet Lag: The Game,0,0,0
1750876269,Q0xlHAFsPio,The Lavari Show EP 51 | Ft. Bhavya Gandhi | Pranks Lavari | The Comedy Factory,The Comedy Factory,0,0,0
1750876269,Q0xlHAFsPio,The Lavari Show EP 51 | Ft. Bhavya Gandhi | Pranks Lavari | The Comedy Factory,The Comedy Factory,0,0,0
1750876269,Q0xlHAFsPio,The Lavari Show EP 51 | Ft. Bhavya Gandhi | Pranks Lavari | The Comedy Factory,The Comedy Factory,0,0,0
1750914383,pe_ejTiIcSs,"Lose 100 LBs, Win $250,000!",MrBeast,0,0,0
1750914383,pe_ejTiIcSs,"Lose 100 LBs, Win $250,000!",MrBeast,0,0,0
1750914383,pe_ejTiIcSs,"Lose 100 LBs, Win $250,000!",MrBeast,0,0,0
1750917382,XZB9eG2wYow,100 Person Airsoft Battle Royale,Dude Perfect,0,0,0
1750917382,XZB9eG2wYow,100 Person Airsoft Battle Royale,Dude Perfect,0,0,0
1750917382,XZB9eG2wYow,100 Person Airsoft Battle Royale,Dude Perfect,0,0,0
1750918786,hj5Xv2L2X4M,Alaska Bucket List,Dude Perfect,0,0,0
1750918786,hj5Xv2L2X4M,Alaska Bucket List,Dude Perfect,0,0,0
1750918786,hj5Xv2L2X4M,Alaska Bucket List,Dude Perfect,0,0,0
1750920853,OLkmcGdugzI,Can We Make Major Cut @ Kiawah Island?,Bryan Bros Golf,0,0,0
1750920853,OLkmcGdugzI,Can We Make Major Cut @ Kiawah Island?,Bryan Bros Golf,0,0,0
1750920853,OLkmcGdugzI,Can We Make Major Cut @ Kiawah Island?,Bryan Bros Golf,0,0,0
1751007797,q7KsPnCd-mE,How to Get a Job in Motorsport,Driver61,0,0,0
1751007797,q7KsPnCd-mE,How to Get a Job in Motorsport,Driver61,0,0,0
1751007797,q7KsPnCd-mE,How to Get a Job in Motorsport,Driver61,0,0,0
1751009807,r0h6hYy8jaY,3 Habits That Keep You Poor (And How to Break Them),Money Morphosis,0,0,0
1751009807,r0h6hYy8jaY,3 Habits That Keep You Poor (And How to Break Them),Money Morphosis,0,0,0
1751009807,r0h6hYy8jaY,3 Habits That Keep You Poor (And How to Break Them),Money Morphosis,0,0,0
1751012978,mQS1tCQUiAM,How To Build A Monster Dividend Portfolio | Ep. 325,Joseph Carlson,0,0,0
1751012978,mQS1tCQUiAM,How To Build A Monster Dividend Portfolio | Ep. 325,Joseph Carlson,0,0,0
1751012978,mQS1tCQUiAM,How To Build A Monster Dividend Portfolio | Ep. 325,Joseph Carlson,0,0,0
1751013432,bB6sNC0-e1k,This Will Find You When You Need It Most,Productive Peter,0,0,0
1751013432,bB6sNC0-e1k,This Will Find You When You Need It Most,Productive Peter,0,0,0
1751013432,bB6sNC0-e1k,This Will Find You When You Need It Most,Productive Peter,0,0,0
1751085116,KlUnq0IkgNc,These 5 Stocks Could 10x - Just Like Nvidia,AI Investing Insights With Ron,0,0,0
1751085116,KlUnq0IkgNc,These 5 Stocks Could 10x - Just Like Nvidia,AI Investing Insights With Ron,0,0,0
1751085116,KlUnq0IkgNc,These 5 Stocks Could 10x - Just Like Nvidia,AI Investing Insights With Ron,0,0,0
1751088230,1Vpt4ZNNIPo,Stock Market Taxes Explained For Beginners,ClearValue Tax,0,0,0
1751088230,1Vpt4ZNNIPo,Stock Market Taxes Explained For Beginners,ClearValue Tax,0,0,0
1751088230,1Vpt4ZNNIPo,Stock Market Taxes Explained For Beginners,ClearValue Tax,0,0,0
1751088285,xrgYvlDVbms,These 5 Stocks Are About to Explode üöÄ [June 2025],The Traveling Trader,0,0,0
1751088285,xrgYvlDVbms,These 5 Stocks Are About to Explode üöÄ [June 2025],The Traveling Trader,0,0,0
1751088285,xrgYvlDVbms,These 5 Stocks Are About to Explode üöÄ [June 2025],The Traveling Trader,0,0,0
1751088548,tzCrm2TQ_CI,"The 3 Best Stocks I‚Äôm Buying Now (Before July 31, 2025)",Everything Money,0,0,0
1751088548,tzCrm2TQ_CI,"The 3 Best Stocks I‚Äôm Buying Now (Before July 31, 2025)",Everything Money,0,0,0
1751088548,tzCrm2TQ_CI,"The 3 Best Stocks I‚Äôm Buying Now (Before July 31, 2025)",Everything Money,0,0,0
1751090328,5F98nPAON3s,$500 in 5 Stocks Will Surpass Your Job,"Let's Talk Money! with Joseph Hogue, CFA",0,0,0
1751090328,5F98nPAON3s,$500 in 5 Stocks Will Surpass Your Job,"Let's Talk Money! with Joseph Hogue, CFA",0,0,0
1751090328,5F98nPAON3s,$500 in 5 Stocks Will Surpass Your Job,"Let's Talk Money! with Joseph Hogue, CFA",0,0,0
1751091011,VMGR-v0ZoPs,These 7 AI Stocks Will Make Millionaires (New Magnificent 7),Ticker Symbol: YOU,0,0,0
1751091011,VMGR-v0ZoPs,These 7 AI Stocks Will Make Millionaires (New Magnificent 7),Ticker Symbol: YOU,0,0,0
1751091011,VMGR-v0ZoPs,These 7 AI Stocks Will Make Millionaires (New Magnificent 7),Ticker Symbol: YOU,0,0,0
1751094722,fhc7UhSuorA,How to Get a Job in Formula 1 -  Tips from Red Bull Engineer (2022),BrrrakeF1,0,0,0
1751094722,fhc7UhSuorA,How to Get a Job in Formula 1 -  Tips from Red Bull Engineer (2022),BrrrakeF1,0,0,0
1751094722,fhc7UhSuorA,How to Get a Job in Formula 1 -  Tips from Red Bull Engineer (2022),BrrrakeF1,0,0,0
1751095890,0rxxxocO7lM,Ollie Bearman: Just Getting Started | F1 Beyond The Grid Podcast,FORMULA 1,0,0,0
1751095890,0rxxxocO7lM,Ollie Bearman: Just Getting Started | F1 Beyond The Grid Podcast,FORMULA 1,0,0,0
1751095890,0rxxxocO7lM,Ollie Bearman: Just Getting Started | F1 Beyond The Grid Podcast,FORMULA 1,0,0,0
1751099021,Hj1EVPC3z4E,Building A Dynasty At Williams With Sir Patrick Head | Beyond The Grid | Official F1 Podcast,FORMULA 1,0,0,0
1751099021,Hj1EVPC3z4E,Building A Dynasty At Williams With Sir Patrick Head | Beyond The Grid | Official F1 Podcast,FORMULA 1,0,0,0
1751099021,Hj1EVPC3z4E,Building A Dynasty At Williams With Sir Patrick Head | Beyond The Grid | Official F1 Podcast,FORMULA 1,0,0,0
1751223567,Wj6DHG0X66k,Race Highlights | 2025 Austrian Grand Prix,FORMULA 1,0,0,0
1751223567,Wj6DHG0X66k,Race Highlights | 2025 Austrian Grand Prix,FORMULA 1,0,0,0
1751223567,Wj6DHG0X66k,Race Highlights | 2025 Austrian Grand Prix,FORMULA 1,0,0,0
1751224677,aeCI0ObFY8M,Race Highlights | 2024 Monaco Grand Prix,FORMULA 1,0,0,0
1751224677,aeCI0ObFY8M,Race Highlights | 2024 Monaco Grand Prix,FORMULA 1,0,0,0
1751224677,aeCI0ObFY8M,Race Highlights | 2024 Monaco Grand Prix,FORMULA 1,0,0,0
1751226238,hG0dxh149wg,How to Make So Much Money it Feels Like CHEATING,Dan Martell,0,0,0
1751226238,hG0dxh149wg,How to Make So Much Money it Feels Like CHEATING,Dan Martell,0,0,0
1751226238,hG0dxh149wg,How to Make So Much Money it Feels Like CHEATING,Dan Martell,0,0,0
1751227262,aMcDwgPgj4w,How I prepare for an F1 season,Lando Norris,0,0,0
1751227262,aMcDwgPgj4w,How I prepare for an F1 season,Lando Norris,0,0,0
1751227262,aMcDwgPgj4w,How I prepare for an F1 season,Lando Norris,0,0,0
1751227949,MzKfOvZxNko,F1 Driver Charles Leclerc Unveils The Real Behind The Scenes of Formula 1 Racing,Jay Shetty Podcast,0,0,0
1751227949,MzKfOvZxNko,F1 Driver Charles Leclerc Unveils The Real Behind The Scenes of Formula 1 Racing,Jay Shetty Podcast,0,0,0
1751227949,MzKfOvZxNko,F1 Driver Charles Leclerc Unveils The Real Behind The Scenes of Formula 1 Racing,Jay Shetty Podcast,0,0,0
1751236122,LElOSR7cJyM,Top 20 Bollywood Romance  | Audio Jukebox | Best Hindi Love Songs | Romantic Bollywood Hits,YRF Music,0,0,0
1751236122,LElOSR7cJyM,Top 20 Bollywood Romance  | Audio Jukebox | Best Hindi Love Songs | Romantic Bollywood Hits,YRF Music,0,0,0
1751236122,LElOSR7cJyM,Top 20 Bollywood Romance  | Audio Jukebox | Best Hindi Love Songs | Romantic Bollywood Hits,YRF Music,0,0,0
1751237742,8u1Bnxn9PTY,Best Of 90s Hits Hindi Songs Collection | 90s Evergreen Songs | Hindi Love Songs Jukebox,Tips Official,0,0,0
1751237742,8u1Bnxn9PTY,Best Of 90s Hits Hindi Songs Collection | 90s Evergreen Songs | Hindi Love Songs Jukebox,Tips Official,0,0,0
1751237742,8u1Bnxn9PTY,Best Of 90s Hits Hindi Songs Collection | 90s Evergreen Songs | Hindi Love Songs Jukebox,Tips Official,0,0,0
1751260568,V7707zEX9X4,How a Formula 1 Race Car Works,Animagraffs,0,0,0
1751260568,V7707zEX9X4,How a Formula 1 Race Car Works,Animagraffs,0,0,0
1751260568,V7707zEX9X4,How a Formula 1 Race Car Works,Animagraffs,0,0,0
1751269221,NcHDcfsm7DY,"This book earned me $192,000 last year - The Intelligent Investor (Detailed Summary)",Alex Dekora,0,0,0
1751269221,NcHDcfsm7DY,"This book earned me $192,000 last year - The Intelligent Investor (Detailed Summary)",Alex Dekora,0,0,0
1751269221,NcHDcfsm7DY,"This book earned me $192,000 last year - The Intelligent Investor (Detailed Summary)",Alex Dekora,0,0,0
1751294125,mCcR4c4dA6w,We'd Only Invest in IONQ If THIS Happens,Nanalyze,0,0,0
1751294125,mCcR4c4dA6w,We'd Only Invest in IONQ If THIS Happens,Nanalyze,0,0,0
1751294125,mCcR4c4dA6w,We'd Only Invest in IONQ If THIS Happens,Nanalyze,0,0,0
1751294664,eURVLSud7aE,This is the Next 589% Stock to Buy Now,"Let's Talk Money! with Joseph Hogue, CFA",0,0,0
1751294664,eURVLSud7aE,This is the Next 589% Stock to Buy Now,"Let's Talk Money! with Joseph Hogue, CFA",0,0,0
1751294664,eURVLSud7aE,This is the Next 589% Stock to Buy Now,"Let's Talk Money! with Joseph Hogue, CFA",0,0,0
1751309985,3vkabK9u0qA,How to Make a BUDGET ON EXCEL For Beginners,Mark Reese,0,0,0
1751309985,3vkabK9u0qA,How to Make a BUDGET ON EXCEL For Beginners,Mark Reese,0,0,0
1751309985,3vkabK9u0qA,How to Make a BUDGET ON EXCEL For Beginners,Mark Reese,0,0,0
1751310058,UAM1Ia5ZIp8,Excel Budget Template | Automate your budget in 15 minutes,Work Smarter Not Harder,0,0,0
1751310058,UAM1Ia5ZIp8,Excel Budget Template | Automate your budget in 15 minutes,Work Smarter Not Harder,0,0,0
1751310058,UAM1Ia5ZIp8,Excel Budget Template | Automate your budget in 15 minutes,Work Smarter Not Harder,0,0,0
1751322370,rFRLn2wK6TQ,yant is live baby stingray,yant,0,0,0
1751322370,rFRLn2wK6TQ,yant is live baby stingray,yant,0,0,0
1751322370,rFRLn2wK6TQ,yant is live baby stingray,yant,0,0,0
1751323496,C2HvVXDH9ls,Sydney  is live!,Sydney ,0,0,0
1751323496,C2HvVXDH9ls,Sydney  is live!,Sydney ,0,0,0
1751323496,C2HvVXDH9ls,Sydney  is live!,Sydney ,0,0,0
1751334574,Bx4BYXOE9SQ,Why Your Machine Learning Projects Won't Land You a¬†Job (The 5 Levels of ML Projects),Marina Wyss - AI & Machine Learning,0,0,0
1751334574,Bx4BYXOE9SQ,Why Your Machine Learning Projects Won't Land You a¬†Job (The 5 Levels of ML Projects),Marina Wyss - AI & Machine Learning,0,0,0
1751334574,Bx4BYXOE9SQ,Why Your Machine Learning Projects Won't Land You a¬†Job (The 5 Levels of ML Projects),Marina Wyss - AI & Machine Learning,0,0,0
1751343934,VJgdOMXhEj0,"Formula 1 Cars, Explained with Max Verstappen",Cleo Abram,0,0,0
1751343934,VJgdOMXhEj0,"Formula 1 Cars, Explained with Max Verstappen",Cleo Abram,0,0,0
1751343934,VJgdOMXhEj0,"Formula 1 Cars, Explained with Max Verstappen",Cleo Abram,0,0,0
1751345711,BwCGWSoAgj8,Charles Leclerc: 24 Hours In Monaco (Day In The Life),Charles Leclerc,0,0,0
1751345711,BwCGWSoAgj8,Charles Leclerc: 24 Hours In Monaco (Day In The Life),Charles Leclerc,0,0,0
1751345711,BwCGWSoAgj8,Charles Leclerc: 24 Hours In Monaco (Day In The Life),Charles Leclerc,0,0,0
1751346866,IrFWHMYAQiU,"""Nice and easy, Oscar"" üòÇ | When F1 meets the Ashes with Lando Norris and Oscar Piastri",Sky Sports F1,0,0,0
1751346866,IrFWHMYAQiU,"""Nice and easy, Oscar"" üòÇ | When F1 meets the Ashes with Lando Norris and Oscar Piastri",Sky Sports F1,0,0,0
1751346866,IrFWHMYAQiU,"""Nice and easy, Oscar"" üòÇ | When F1 meets the Ashes with Lando Norris and Oscar Piastri",Sky Sports F1,0,0,0
1751347786,-QTkPfq7w1A,This mechanism shrinks when pulled,Veritasium,0,0,0
1751347786,-QTkPfq7w1A,This mechanism shrinks when pulled,Veritasium,0,0,0
1751347786,-QTkPfq7w1A,This mechanism shrinks when pulled,Veritasium,0,0,0
1751347834,5JMYh1UkhIA,Every F1 Team Explained in 14 Minutes,Rick'sF1Addiction,0,0,0
1751347834,5JMYh1UkhIA,Every F1 Team Explained in 14 Minutes,Rick'sF1Addiction,0,0,0
1751347834,5JMYh1UkhIA,Every F1 Team Explained in 14 Minutes,Rick'sF1Addiction,0,0,0
1751349439,8WIAAf0h1r8,It‚Äôs a quiz night,The Realist family #R&S,0,0,0
1751349439,8WIAAf0h1r8,It‚Äôs a quiz night,The Realist family #R&S,0,0,0
1751349439,8WIAAf0h1r8,It‚Äôs a quiz night,The Realist family #R&S,0,0,0
1751350567,Yhik0hGWm_4,üî¥ Vertical Cockpit Cam LIVE - Airbus A320 flight from Los Angeles to Sacramento,Flight Streamer,0,0,0
1751350567,Yhik0hGWm_4,üî¥ Vertical Cockpit Cam LIVE - Airbus A320 flight from Los Angeles to Sacramento,Flight Streamer,0,0,0
1751350567,Yhik0hGWm_4,üî¥ Vertical Cockpit Cam LIVE - Airbus A320 flight from Los Angeles to Sacramento,Flight Streamer,0,0,0
1751381880,mLMUJHq1lQM,Live Day Trading!,Jdun Trades,0,0,0
1751381880,mLMUJHq1lQM,Live Day Trading!,Jdun Trades,0,0,0
1751381880,mLMUJHq1lQM,Live Day Trading!,Jdun Trades,0,0,0
1751386838,54eoO-fABpc,yant is live 2H cleaning stingray,yant,0,0,0
1751386838,54eoO-fABpc,yant is live 2H cleaning stingray,yant,0,0,0
1751386838,54eoO-fABpc,yant is live 2H cleaning stingray,yant,0,0,0
1751388078,aza6to3dHdk,COZMO is live!,COZMO,0,0,0
1751388078,aza6to3dHdk,COZMO is live!,COZMO,0,0,0
1751388078,aza6to3dHdk,COZMO is live!,COZMO,0,0,0
1751391767,TU1SlvlQ_jY,LERI LALA | KINJAL DAVE | Full Video Song Produce by STUDIO SARASWATI Junagadh,Studio Saraswati Official,0,0,0
1751391767,TU1SlvlQ_jY,LERI LALA | KINJAL DAVE | Full Video Song Produce by STUDIO SARASWATI Junagadh,Studio Saraswati Official,0,0,0
1751391767,TU1SlvlQ_jY,LERI LALA | KINJAL DAVE | Full Video Song Produce by STUDIO SARASWATI Junagadh,Studio Saraswati Official,0,0,0
1751399207,ZG0Wbfm_mdU,"BREAKING: Shockwave in Washington: Senate Passes Landmark BIG, BEAUTIFUL Bill‚ÄîWhat It Means for You‚ùì",Speak The Truth 2.0,0,0,0
1751399207,ZG0Wbfm_mdU,"BREAKING: Shockwave in Washington: Senate Passes Landmark BIG, BEAUTIFUL Bill‚ÄîWhat It Means for You‚ùì",Speak The Truth 2.0,0,0,0
1751399207,ZG0Wbfm_mdU,"BREAKING: Shockwave in Washington: Senate Passes Landmark BIG, BEAUTIFUL Bill‚ÄîWhat It Means for You‚ùì",Speak The Truth 2.0,0,0,0
1751400716,R2OAISI1HMI,Boca Boys Fishing Has Mentioned You!,Boca Boys Fishing,0,0,0
1751400716,R2OAISI1HMI,Boca Boys Fishing Has Mentioned You!,Boca Boys Fishing,0,0,0
1751400716,R2OAISI1HMI,Boca Boys Fishing Has Mentioned You!,Boca Boys Fishing,0,0,0
1751484254,vlOe558fUE0,Top 9 Songs From |Radha Krishna Songs  Full (Slow+Reverbs)|Lofi relaxing #lofi #radhakrishna #shots,RADHEY KRISHNA ,0,0,0
1751484254,vlOe558fUE0,Top 9 Songs From |Radha Krishna Songs  Full (Slow+Reverbs)|Lofi relaxing #lofi #radhakrishna #shots,RADHEY KRISHNA ,0,0,0
1751484254,vlOe558fUE0,Top 9 Songs From |Radha Krishna Songs  Full (Slow+Reverbs)|Lofi relaxing #lofi #radhakrishna #shots,RADHEY KRISHNA ,0,0,0
1751486291,Mgt3jTbq2Ng,Krishna He Vistar Yadi Toh - Lyrics Song |Serial- Radha Krishn |@StarBharat  Title Song Krishna Radha,BollyMix Lyrics,0,0,0
1751486291,Mgt3jTbq2Ng,Krishna He Vistar Yadi Toh - Lyrics Song |Serial- Radha Krishn |@StarBharat  Title Song Krishna Radha,BollyMix Lyrics,0,0,0
1751486291,Mgt3jTbq2Ng,Krishna He Vistar Yadi Toh - Lyrics Song |Serial- Radha Krishn |@StarBharat  Title Song Krishna Radha,BollyMix Lyrics,0,0,0
1751520851,3frxUw8OrG0,Ep 3 - We Played Snake Across South Korea,Jet Lag: The Game,0,0,0
1751520851,3frxUw8OrG0,Ep 3 - We Played Snake Across South Korea,Jet Lag: The Game,0,0,0
1751520851,3frxUw8OrG0,Ep 3 - We Played Snake Across South Korea,Jet Lag: The Game,0,0,0
1751524836,xwvykNL8Bpk,"HORROR GAMEPLAY, AAJ ESCAPE KARKE RAHNEGE!",HYDRA HRISHAV,0,0,0
1751524836,xwvykNL8Bpk,"HORROR GAMEPLAY, AAJ ESCAPE KARKE RAHNEGE!",HYDRA HRISHAV,0,0,0
1751524836,xwvykNL8Bpk,"HORROR GAMEPLAY, AAJ ESCAPE KARKE RAHNEGE!",HYDRA HRISHAV,0,0,0
1751526016,LXbtQlB0LsI,GET IN EARLY! Top 4 Quantum Stocks that are Better Than Nvidia,Fin Tek,0,0,0
1751526016,LXbtQlB0LsI,GET IN EARLY! Top 4 Quantum Stocks that are Better Than Nvidia,Fin Tek,0,0,0
1751526016,LXbtQlB0LsI,GET IN EARLY! Top 4 Quantum Stocks that are Better Than Nvidia,Fin Tek,0,0,0
1751526135,m3AxiVQj_lE,Why isn't the Safety Car an F1 car?,WTF1,0,0,0
1751526135,m3AxiVQj_lE,Why isn't the Safety Car an F1 car?,WTF1,0,0,0
1751526135,m3AxiVQj_lE,Why isn't the Safety Car an F1 car?,WTF1,0,0,0
1751561476,TKmUyyUISIQ,HZ TGO CS,mdrncap,0,0,0
1751561476,TKmUyyUISIQ,HZ TGO CS,mdrncap,0,0,0
1751561476,TKmUyyUISIQ,HZ TGO CS,mdrncap,0,0,0
1751564846,U5W4LALZ47A,Gill Leads The Charge | Highlights - England v India Day 1 | Rothesay Test 2025,England & Wales Cricket Board,0,0,0
1751564846,U5W4LALZ47A,Gill Leads The Charge | Highlights - England v India Day 1 | Rothesay Test 2025,England & Wales Cricket Board,0,0,0
1751564846,U5W4LALZ47A,Gill Leads The Charge | Highlights - England v India Day 1 | Rothesay Test 2025,England & Wales Cricket Board,0,0,0
1751566855,giww9GQF_BI,Fortnite with Max Verstappen!,Lachlan,0,0,0
1751566855,giww9GQF_BI,Fortnite with Max Verstappen!,Lachlan,0,0,0
1751566855,giww9GQF_BI,Fortnite with Max Verstappen!,Lachlan,0,0,0
1751567799,BRVscbNz-PA,10 Things F1 Driver Charles Leclerc Can‚Äôt Live Without | 10 Essentials,GQ Sports,0,0,0
1751567799,BRVscbNz-PA,10 Things F1 Driver Charles Leclerc Can‚Äôt Live Without | 10 Essentials,GQ Sports,0,0,0
1751567799,BRVscbNz-PA,10 Things F1 Driver Charles Leclerc Can‚Äôt Live Without | 10 Essentials,GQ Sports,0,0,0
1751568671,RX4Bc_WqAPw,A Weekend I'll Remember Forever - Monaco 2024,Charles Leclerc,0,0,0
1751568671,RX4Bc_WqAPw,A Weekend I'll Remember Forever - Monaco 2024,Charles Leclerc,0,0,0
1751568671,RX4Bc_WqAPw,A Weekend I'll Remember Forever - Monaco 2024,Charles Leclerc,0,0,0
1751569461,o8ezVPko3-s,Monza Magic: My Second Win at the F1 Italian GP!,Charles Leclerc,0,0,0
1751569461,o8ezVPko3-s,Monza Magic: My Second Win at the F1 Italian GP!,Charles Leclerc,0,0,0
1751569461,o8ezVPko3-s,Monza Magic: My Second Win at the F1 Italian GP!,Charles Leclerc,0,0,0
1751570120,iauA22Y_j6s,Shubman Gill Hits Brilliant 269 | Highlights - England v India Day 2 | Rothesay Test 2025,England & Wales Cricket Board,0,0,0
1751570120,iauA22Y_j6s,Shubman Gill Hits Brilliant 269 | Highlights - England v India Day 2 | Rothesay Test 2025,England & Wales Cricket Board,0,0,0
1751570120,iauA22Y_j6s,Shubman Gill Hits Brilliant 269 | Highlights - England v India Day 2 | Rothesay Test 2025,England & Wales Cricket Board,0,0,0
1751587684,nDSpxYkLeN8,Taarak Mehta Ka Ooltah Chashmah - Episode 646 - Full Episode,Taarak Mehta Ka Ooltah Chashmah Episodes,0,0,0
1751587684,nDSpxYkLeN8,Taarak Mehta Ka Ooltah Chashmah - Episode 646 - Full Episode,Taarak Mehta Ka Ooltah Chashmah Episodes,0,0,0
1751587684,nDSpxYkLeN8,Taarak Mehta Ka Ooltah Chashmah - Episode 646 - Full Episode,Taarak Mehta Ka Ooltah Chashmah Episodes,0,0,0
1751589196,rBZVmrBBlZo,Taarak Mehta Ka Ooltah Chashmah - Episode 647 - Full Episode,Taarak Mehta Ka Ooltah Chashmah Episodes,0,0,0
1751589196,rBZVmrBBlZo,Taarak Mehta Ka Ooltah Chashmah - Episode 647 - Full Episode,Taarak Mehta Ka Ooltah Chashmah Episodes,0,0,0
1751589196,rBZVmrBBlZo,Taarak Mehta Ka Ooltah Chashmah - Episode 647 - Full Episode,Taarak Mehta Ka Ooltah Chashmah Episodes,0,0,0
1751590588,tvJjhTGZR-o,Taarak Mehta Ka Ooltah Chashmah - Episode 648 - Full Episode,Taarak Mehta Ka Ooltah Chashmah Episodes,0,0,0
1751590588,tvJjhTGZR-o,Taarak Mehta Ka Ooltah Chashmah - Episode 648 - Full Episode,Taarak Mehta Ka Ooltah Chashmah Episodes,0,0,0
1751590588,tvJjhTGZR-o,Taarak Mehta Ka Ooltah Chashmah - Episode 648 - Full Episode,Taarak Mehta Ka Ooltah Chashmah Episodes,0,0,0
1751592088,Yv4NmnRwLRA,Taarak Mehta Ka Ooltah Chashmah - Episode 649 - Full Episode,Taarak Mehta Ka Ooltah Chashmah Episodes,0,0,0
1751592088,Yv4NmnRwLRA,Taarak Mehta Ka Ooltah Chashmah - Episode 649 - Full Episode,Taarak Mehta Ka Ooltah Chashmah Episodes,0,0,0
1751592088,Yv4NmnRwLRA,Taarak Mehta Ka Ooltah Chashmah - Episode 649 - Full Episode,Taarak Mehta Ka Ooltah Chashmah Episodes,0,0,0
1751613523,ehTAsL9zLfU,Hoa Leo Play Brainy Knots | IQ Game 2pm,Hoa Leo,0,0,0
1751613523,ehTAsL9zLfU,Hoa Leo Play Brainy Knots | IQ Game 2pm,Hoa Leo,0,0,0
1751613523,ehTAsL9zLfU,Hoa Leo Play Brainy Knots | IQ Game 2pm,Hoa Leo,0,0,0
1751650478,rs7nk8cFz7c,Top 10 Most Populated Countries,BradyYourTutor,0,0,0
1751650478,rs7nk8cFz7c,Top 10 Most Populated Countries,BradyYourTutor,0,0,0
1751650478,rs7nk8cFz7c,Top 10 Most Populated Countries,BradyYourTutor,0,0,0
1751702667,xvL01Yufu-8,Time to answer,Chen ngek lyrics ,0,0,0
1751702667,xvL01Yufu-8,Time to answer,Chen ngek lyrics ,0,0,0
1751702667,xvL01Yufu-8,Time to answer,Chen ngek lyrics ,0,0,0
1751722245,DlQskUgzlHM,Why Aren't Planes Electric Yet?,Cleo Abram,0,0,0
1751722245,DlQskUgzlHM,Why Aren't Planes Electric Yet?,Cleo Abram,0,0,0
1751722245,DlQskUgzlHM,Why Aren't Planes Electric Yet?,Cleo Abram,0,0,0
1751722598,TmwZAzrXOxU,"give me 15 minutes, you'll get ahead of 98.8% of people",Humphrey Yang,0,0,0
1751722598,TmwZAzrXOxU,"give me 15 minutes, you'll get ahead of 98.8% of people",Humphrey Yang,0,0,0
1751722598,TmwZAzrXOxU,"give me 15 minutes, you'll get ahead of 98.8% of people",Humphrey Yang,0,0,0
1751859272,EDWpqb5xmv4,BOOK THIS HOTEL IN DUBAI with THE BURJ KHALIFA VIEW.,IAMHVR,0,0,0
1751859272,EDWpqb5xmv4,BOOK THIS HOTEL IN DUBAI with THE BURJ KHALIFA VIEW.,IAMHVR,0,0,0
1751859272,EDWpqb5xmv4,BOOK THIS HOTEL IN DUBAI with THE BURJ KHALIFA VIEW.,IAMHVR,0,0,0
1751875778,wVjHpcFG6vY,Our Universe Might Be Inside A Black Hole,AstroKobi,0,0,0
1751875778,wVjHpcFG6vY,Our Universe Might Be Inside A Black Hole,AstroKobi,0,0,0
1751875778,wVjHpcFG6vY,Our Universe Might Be Inside A Black Hole,AstroKobi,0,0,0
1751898851,CT2u0lgyFog,LIVE - Day Trading Nasdaq Futures! (BIG MONEY MONDAY!),Christopher Simpson,0,0,0
1751898851,CT2u0lgyFog,LIVE - Day Trading Nasdaq Futures! (BIG MONEY MONDAY!),Christopher Simpson,0,0,0
1751898851,CT2u0lgyFog,LIVE - Day Trading Nasdaq Futures! (BIG MONEY MONDAY!),Christopher Simpson,0,0,0
1751899306,-ApZxvnS48I,Harness the ü•èPowerü•è of Planet Saturn.  is live!,Harness the ü•èPowerü•è of Planet Saturn. –°–∏–ª–∞ –°–∞—Ç—É—Ä–Ω–∞,0,0,0
1751899306,-ApZxvnS48I,Harness the ü•èPowerü•è of Planet Saturn.  is live!,Harness the ü•èPowerü•è of Planet Saturn. –°–∏–ª–∞ –°–∞—Ç—É—Ä–Ω–∞,0,0,0
1751899306,-ApZxvnS48I,Harness the ü•èPowerü•è of Planet Saturn.  is live!,Harness the ü•èPowerü•è of Planet Saturn. –°–∏–ª–∞ –°–∞—Ç—É—Ä–Ω–∞,0,0,0
1751900178,cyIJqFPKrg0,üî•14.12KD REBIRTH SOLO VS QUADS KING (NOT HACKING)üî•üü¢DONT SNITCH PLZüü¢,SirGime,0,0,0
1751900178,cyIJqFPKrg0,üî•14.12KD REBIRTH SOLO VS QUADS KING (NOT HACKING)üî•üü¢DONT SNITCH PLZüü¢,SirGime,0,0,0
1751900178,cyIJqFPKrg0,üî•14.12KD REBIRTH SOLO VS QUADS KING (NOT HACKING)üî•üü¢DONT SNITCH PLZüü¢,SirGime,0,0,0
1751925174,daWr9xnkKS4,Race Highlights | 2025 British Grand Prix,FORMULA 1,0,0,0
1751925174,daWr9xnkKS4,Race Highlights | 2025 British Grand Prix,FORMULA 1,0,0,0
1751925174,daWr9xnkKS4,Race Highlights | 2025 British Grand Prix,FORMULA 1,0,0,0
1751956367,gs_oGravcpA,SIDEMEN HIDE & SEEK AT KSI'S HOUSE,Sidemen,0,0,0
1751956367,gs_oGravcpA,SIDEMEN HIDE & SEEK AT KSI'S HOUSE,Sidemen,0,0,0
1751956367,gs_oGravcpA,SIDEMEN HIDE & SEEK AT KSI'S HOUSE,Sidemen,0,0,0
1751956759,eZsCoBNl3B0,Best Things To Do in Dubai UAE 4K,Island Hopper TV,0,0,0
1751956759,eZsCoBNl3B0,Best Things To Do in Dubai UAE 4K,Island Hopper TV,0,0,0
1751956759,eZsCoBNl3B0,Best Things To Do in Dubai UAE 4K,Island Hopper TV,0,0,0
1752038450,FWAdfuPpLOc,World's Fastest Car Vs Cheetah!,MrBeast,0,0,0
1752038450,FWAdfuPpLOc,World's Fastest Car Vs Cheetah!,MrBeast,0,0,0
1752038450,FWAdfuPpLOc,World's Fastest Car Vs Cheetah!,MrBeast,0,0,0
1752039774,fcYQiAMoYJw,The Line in 2025: What Is Really Happening?,MegaBuilds,0,0,0
1752039774,fcYQiAMoYJw,The Line in 2025: What Is Really Happening?,MegaBuilds,0,0,0
1752039774,fcYQiAMoYJw,The Line in 2025: What Is Really Happening?,MegaBuilds,0,0,0
1752040588,nQmFpa3yxxg,Dubai's Insane $100B Future Megaprojects,MegaBuilds,0,0,0
1752040588,nQmFpa3yxxg,Dubai's Insane $100B Future Megaprojects,MegaBuilds,0,0,0
1752040588,nQmFpa3yxxg,Dubai's Insane $100B Future Megaprojects,MegaBuilds,0,0,0
1752041675,GSW2zMBAGic,The Sing Chana Show | Part 1 - Om Bhatt | Gujarati Standup Comedy,The Comedy Factory,0,0,0
1752041675,GSW2zMBAGic,The Sing Chana Show | Part 1 - Om Bhatt | Gujarati Standup Comedy,The Comedy Factory,0,0,0
1752041675,GSW2zMBAGic,The Sing Chana Show | Part 1 - Om Bhatt | Gujarati Standup Comedy,The Comedy Factory,0,0,0
1752042907,PGeuOtwDquE,BroCode Roast Battle  |  S2. Ep5,Aashish Solanki,0,0,0
1752042907,PGeuOtwDquE,BroCode Roast Battle  |  S2. Ep5,Aashish Solanki,0,0,0
1752042907,PGeuOtwDquE,BroCode Roast Battle  |  S2. Ep5,Aashish Solanki,0,0,0
1752042925,ALesKfHj9n4,Sidemen Open 100 MYSTERY Doors,Sidemen,0,0,0
1752042925,ALesKfHj9n4,Sidemen Open 100 MYSTERY Doors,Sidemen,0,0,0
1752042925,ALesKfHj9n4,Sidemen Open 100 MYSTERY Doors,Sidemen,0,0,0
1752069621,lSYnyXb1VNg,NEWS HOUR :  ‡¥ú‡¥Ø‡¥ø‡¥≤‡¥ø‡¥≤‡µÅ‡¥Ç ‡¥ú‡¥ø‡¥π‡¥æ‡¥¶‡µç . .! #news18 #arifhussain,Arif Hussain Theruvath,0,0,0
1752069621,lSYnyXb1VNg,NEWS HOUR :  ‡¥ú‡¥Ø‡¥ø‡¥≤‡¥ø‡¥≤‡µÅ‡¥Ç ‡¥ú‡¥ø‡¥π‡¥æ‡¥¶‡µç . .! #news18 #arifhussain,Arif Hussain Theruvath,0,0,0
1752069621,lSYnyXb1VNg,NEWS HOUR :  ‡¥ú‡¥Ø‡¥ø‡¥≤‡¥ø‡¥≤‡µÅ‡¥Ç ‡¥ú‡¥ø‡¥π‡¥æ‡¥¶‡µç . .! #news18 #arifhussain,Arif Hussain Theruvath,0,0,0
1752083503,kpZ5ITd0P0g,Good Wood Sawmill and Equipment  is live! #wood #woodworking #work,Good Wood Sawmill and Equipment ,0,0,0
1752083503,kpZ5ITd0P0g,Good Wood Sawmill and Equipment  is live! #wood #woodworking #work,Good Wood Sawmill and Equipment ,0,0,0
1752083503,kpZ5ITd0P0g,Good Wood Sawmill and Equipment  is live! #wood #woodworking #work,Good Wood Sawmill and Equipment ,0,0,0
1752113442,2AriH2BNp4E,Ep 4 - We Played Snake Across South Korea,Jet Lag: The Game,0,0,0
1752113442,2AriH2BNp4E,Ep 4 - We Played Snake Across South Korea,Jet Lag: The Game,0,0,0
1752113442,2AriH2BNp4E,Ep 4 - We Played Snake Across South Korea,Jet Lag: The Game,0,0,0
1752134359,oR94--iHzeE,The R3 Tech Wrestling Showdown Episode 956 Subscribers Special,Mark Lane The Evil Zone Ihadurca Fan,0,0,0
1752134359,oR94--iHzeE,The R3 Tech Wrestling Showdown Episode 956 Subscribers Special,Mark Lane The Evil Zone Ihadurca Fan,0,0,0
1752134359,oR94--iHzeE,The R3 Tech Wrestling Showdown Episode 956 Subscribers Special,Mark Lane The Evil Zone Ihadurca Fan,0,0,0
1752174314,NIrgHDXJJbU,SOFI Enjoying Ur Flight? Watch Me Trade Stocks LIVE!  See My Unique Trading Style Catfish,Catfish Tyler,0,0,0
1752174314,NIrgHDXJJbU,SOFI Enjoying Ur Flight? Watch Me Trade Stocks LIVE!  See My Unique Trading Style Catfish,Catfish Tyler,0,0,0
1752174314,NIrgHDXJJbU,SOFI Enjoying Ur Flight? Watch Me Trade Stocks LIVE!  See My Unique Trading Style Catfish,Catfish Tyler,0,0,0
1752193298,ZlF8s9ouNJs,Combining Formula 1 data with open weather data using API's in python,DataNinjaNL,0,0,0
1752193298,ZlF8s9ouNJs,Combining Formula 1 data with open weather data using API's in python,DataNinjaNL,0,0,0
1752193298,ZlF8s9ouNJs,Combining Formula 1 data with open weather data using API's in python,DataNinjaNL,0,0,0
1752219252,Gx6WPpjvCc8,Philippines Campaign FULL DOCUMENTARY - Pacific War Animated,Kings and Generals,0,0,0
1752219252,Gx6WPpjvCc8,Philippines Campaign FULL DOCUMENTARY - Pacific War Animated,Kings and Generals,0,0,0
1752219252,Gx6WPpjvCc8,Philippines Campaign FULL DOCUMENTARY - Pacific War Animated,Kings and Generals,0,0,0
1752265251,qfeWtTH39Qg,The Sing Chana Show | Part 2 - Deep Vaidya | Gujarati Standup Comedy,The Comedy Factory,0,0,0
1752265251,qfeWtTH39Qg,The Sing Chana Show | Part 2 - Deep Vaidya | Gujarati Standup Comedy,The Comedy Factory,0,0,0
1752265251,qfeWtTH39Qg,The Sing Chana Show | Part 2 - Deep Vaidya | Gujarati Standup Comedy,The Comedy Factory,0,0,0
1752267861,bFy6jTEHlzQ,I Went to the World‚Äôs Most Epic Trek ‚Äì Everest Base Camp,Ajay Raj,0,0,0
1752267861,bFy6jTEHlzQ,I Went to the World‚Äôs Most Epic Trek ‚Äì Everest Base Camp,Ajay Raj,0,0,0
1752267861,bFy6jTEHlzQ,I Went to the World‚Äôs Most Epic Trek ‚Äì Everest Base Camp,Ajay Raj,0,0,0
1752276704,L5z_OwNODWo,Jethalal Is Scared To Send Tapu To School | Taarak Mehta Ka Ooltah Chashmah | Chaddi Gang,Taarak Mehta Ka Ooltah Chashmah Episodes,0,0,0
1752276704,L5z_OwNODWo,Jethalal Is Scared To Send Tapu To School | Taarak Mehta Ka Ooltah Chashmah | Chaddi Gang,Taarak Mehta Ka Ooltah Chashmah Episodes,0,0,0
1752276704,L5z_OwNODWo,Jethalal Is Scared To Send Tapu To School | Taarak Mehta Ka Ooltah Chashmah | Chaddi Gang,Taarak Mehta Ka Ooltah Chashmah Episodes,0,0,0
1752308130,PQmdiIMYB2c,üî¥Live streamüî¥,Chinese cuisine,0,0,0
1752308130,PQmdiIMYB2c,üî¥Live streamüî¥,Chinese cuisine,0,0,0
1752308130,PQmdiIMYB2c,üî¥Live streamüî¥,Chinese cuisine,0,0,0
1752310636,9tgpy9yQF8s,kingdom of plants - Sir David Attenborough,jota ka,0,0,0
1752310636,9tgpy9yQF8s,kingdom of plants - Sir David Attenborough,jota ka,0,0,0
1752310636,9tgpy9yQF8s,kingdom of plants - Sir David Attenborough,jota ka,0,0,0
1752450709,kPfNvAx3c_8,Jethalal Gives Surprise Snack To Taarak | Taarak Mehta Ka Ooltah Chashmah | Taarak Diet,Taarak Mehta Ka Ooltah Chashmah Episodes,0,0,0
1752450709,kPfNvAx3c_8,Jethalal Gives Surprise Snack To Taarak | Taarak Mehta Ka Ooltah Chashmah | Taarak Diet,Taarak Mehta Ka Ooltah Chashmah Episodes,0,0,0
1752450709,kPfNvAx3c_8,Jethalal Gives Surprise Snack To Taarak | Taarak Mehta Ka Ooltah Chashmah | Taarak Diet,Taarak Mehta Ka Ooltah Chashmah Episodes,0,0,0
1752473774,BaAz5es86BU,Blurry: New Dont Watch This Training,Video ad upload channel for 642-633-9090,0,0,0
1752473774,BaAz5es86BU,Blurry: New Dont Watch This Training,Video ad upload channel for 642-633-9090,0,0,0
1752473774,BaAz5es86BU,Blurry: New Dont Watch This Training,Video ad upload channel for 642-633-9090,0,0,0
1752473784,PBRy5xu8ajY,Can India Win At Lord's? | #ENGvsIND | #Aakashvani,Aakash Chopra,0,0,0
1752473784,PBRy5xu8ajY,Can India Win At Lord's? | #ENGvsIND | #Aakashvani,Aakash Chopra,0,0,0
1752473784,PBRy5xu8ajY,Can India Win At Lord's? | #ENGvsIND | #Aakashvani,Aakash Chopra,0,0,0
1752475343,yHLL5a6cRik,"Bhakt Prahlada Ki Kahani, Narasimha Avatar & Krishna's Grace | Kathavachak Indresh Upadhyay on TRS",Ranveer Allahbadia,0,0,0
1752475343,yHLL5a6cRik,"Bhakt Prahlada Ki Kahani, Narasimha Avatar & Krishna's Grace | Kathavachak Indresh Upadhyay on TRS",Ranveer Allahbadia,0,0,0
1752475343,yHLL5a6cRik,"Bhakt Prahlada Ki Kahani, Narasimha Avatar & Krishna's Grace | Kathavachak Indresh Upadhyay on TRS",Ranveer Allahbadia,0,0,0
1752562234,cETYelpA9bk,England Claim Thriller By 22-Runs | Highlights - England v India Day 5 | Rothesay Test 2025,England & Wales Cricket Board,0,0,0
1752562234,cETYelpA9bk,England Claim Thriller By 22-Runs | Highlights - England v India Day 5 | Rothesay Test 2025,England & Wales Cricket Board,0,0,0
1752562234,cETYelpA9bk,England Claim Thriller By 22-Runs | Highlights - England v India Day 5 | Rothesay Test 2025,England & Wales Cricket Board,0,0,0
1752590742,oZzLy_mJrSs,Rishi P7days Interview,Rishi Patel,0,0,0
1752590742,oZzLy_mJrSs,Rishi P7days Interview,Rishi Patel,0,0,0
1752590742,oZzLy_mJrSs,Rishi P7days Interview,Rishi Patel,0,0,0
1752612336,Efcdtl9_BIs,CLICK TO WATCH THE FULL VIDEO üá∫üá∏üá¶üá™üá¨üáß,Max Klymenko,0,0,0
1752612336,Efcdtl9_BIs,CLICK TO WATCH THE FULL VIDEO üá∫üá∏üá¶üá™üá¨üáß,Max Klymenko,0,0,0
1752612336,Efcdtl9_BIs,CLICK TO WATCH THE FULL VIDEO üá∫üá∏üá¶üá™üá¨üáß,Max Klymenko,0,0,0
1752617287,9kYDqpXTvbM,How to Sync Google Calendar with Apple Calendar on Mac | Set up Google Calendar in Calendar on MacOS,ProgrammingKnowledge2,0,0,0
1752617287,9kYDqpXTvbM,How to Sync Google Calendar with Apple Calendar on Mac | Set up Google Calendar in Calendar on MacOS,ProgrammingKnowledge2,0,0,0
1752617287,9kYDqpXTvbM,How to Sync Google Calendar with Apple Calendar on Mac | Set up Google Calendar in Calendar on MacOS,ProgrammingKnowledge2,0,0,0
1752620742,oQqYLdYWoeM,Setting Up A Controller For Anki | 8bitDo Zero 2 | MacOS,Apoorva Sinha,0,0,0
1752620742,oQqYLdYWoeM,Setting Up A Controller For Anki | 8bitDo Zero 2 | MacOS,Apoorva Sinha,0,0,0
1752620742,oQqYLdYWoeM,Setting Up A Controller For Anki | 8bitDo Zero 2 | MacOS,Apoorva Sinha,0,0,0
1752623651,I2pOXwZbxSQ,Jethalal Makes A Mistake | Taarak Mehta Ka Ooltah Chashmah | Phone Fraud,Taarak Mehta Ka Ooltah Chashmah Episodes,0,0,0
1752623651,I2pOXwZbxSQ,Jethalal Makes A Mistake | Taarak Mehta Ka Ooltah Chashmah | Phone Fraud,Taarak Mehta Ka Ooltah Chashmah Episodes,0,0,0
1752623651,I2pOXwZbxSQ,Jethalal Makes A Mistake | Taarak Mehta Ka Ooltah Chashmah | Phone Fraud,Taarak Mehta Ka Ooltah Chashmah Episodes,0,0,0
1752650927,PB-Fb_5u97Q,What Actually Matters in Your 20s (It‚Äôs Not What You Think),MindFlow,0,0,0
1752650927,PB-Fb_5u97Q,What Actually Matters in Your 20s (It‚Äôs Not What You Think),MindFlow,0,0,0
1752650927,PB-Fb_5u97Q,What Actually Matters in Your 20s (It‚Äôs Not What You Think),MindFlow,0,0,0
1752673162,FYyjcU387fQ,"I‚Äôm 30. If you‚Äôre in your 20‚Äôs, Watch THIS.",Vincent Chan,0,0,0
1752673162,FYyjcU387fQ,"I‚Äôm 30. If you‚Äôre in your 20‚Äôs, Watch THIS.",Vincent Chan,0,0,0
1752673162,FYyjcU387fQ,"I‚Äôm 30. If you‚Äôre in your 20‚Äôs, Watch THIS.",Vincent Chan,0,0,0
1752732989,C4w4jl4ODAk,Ep 5 - We Played Snake Across South Korea,Jet Lag: The Game,0,0,0
1752732989,C4w4jl4ODAk,Ep 5 - We Played Snake Across South Korea,Jet Lag: The Game,0,0,0
1752732989,C4w4jl4ODAk,Ep 5 - We Played Snake Across South Korea,Jet Lag: The Game,0,0,0
1752782631,Dt-JGu52-h8,RED OPAQUE GEMSTONE DIAMOND SET,God ,0,0,0
1752782631,Dt-JGu52-h8,RED OPAQUE GEMSTONE DIAMOND SET,God ,0,0,0
1752782631,Dt-JGu52-h8,RED OPAQUE GEMSTONE DIAMOND SET,God ,0,0,0
1752864582,nhMiRpWbTHc,"Formula DRIFT St. Louis 2025 - PROSPEC, Round 3 - Seeding 16LIVE/MOZA R5",SideWays.,0,0,0
1752864582,nhMiRpWbTHc,"Formula DRIFT St. Louis 2025 - PROSPEC, Round 3 - Seeding 16LIVE/MOZA R5",SideWays.,0,0,0
1752864582,nhMiRpWbTHc,"Formula DRIFT St. Louis 2025 - PROSPEC, Round 3 - Seeding 16LIVE/MOZA R5",SideWays.,0,0,0
1752885095,bajsBv_K7PA,Aditya Gadhvi - Soor (‡™∏‡´Ç‡™∞) | Navratri Spacial Nonstop Garba 2024 | New Trending Garba | Garba 2024,Jogmaya Digital,0,0,0
1752885095,bajsBv_K7PA,Aditya Gadhvi - Soor (‡™∏‡´Ç‡™∞) | Navratri Spacial Nonstop Garba 2024 | New Trending Garba | Garba 2024,Jogmaya Digital,0,0,0
1752885095,bajsBv_K7PA,Aditya Gadhvi - Soor (‡™∏‡´Ç‡™∞) | Navratri Spacial Nonstop Garba 2024 | New Trending Garba | Garba 2024,Jogmaya Digital,0,0,0
1752885908,NuVYL-OXx4M,Leri Lala | KINJAL DAVE | Full Audio Song | Studio Saraswati Presents,Studio Saraswati Official,0,0,0
1752885908,NuVYL-OXx4M,Leri Lala | KINJAL DAVE | Full Audio Song | Studio Saraswati Presents,Studio Saraswati Official,0,0,0
1752885908,NuVYL-OXx4M,Leri Lala | KINJAL DAVE | Full Audio Song | Studio Saraswati Presents,Studio Saraswati Official,0,0,0
1752960848,JP68g6YsZ0c,Divided States of America,Ari,0,0,0
1752960848,JP68g6YsZ0c,Divided States of America,Ari,0,0,0
1752960848,JP68g6YsZ0c,Divided States of America,Ari,0,0,0
1753044153,JUbboqGa-dc,I Took the Sidemen On Their First Hike,Sidemen,0,0,0
1753044153,JUbboqGa-dc,I Took the Sidemen On Their First Hike,Sidemen,0,0,0
1753044153,JUbboqGa-dc,I Took the Sidemen On Their First Hike,Sidemen,0,0,0
1753067555,JUaOFaI2UnY,I Tested 140 Years of Cars!,Mrwhosetheboss,0,0,0
1753067555,JUaOFaI2UnY,I Tested 140 Years of Cars!,Mrwhosetheboss,0,0,0
1753067555,JUaOFaI2UnY,I Tested 140 Years of Cars!,Mrwhosetheboss,0,0,0
1753069990,ZHl_C1W5hIU,jamesmidlifecrisis is live!,jamesmidlifecrisis,0,0,0
1753069990,ZHl_C1W5hIU,jamesmidlifecrisis is live!,jamesmidlifecrisis,0,0,0
1753069990,ZHl_C1W5hIU,jamesmidlifecrisis is live!,jamesmidlifecrisis,0,0,0
1753085501,HP1Jxmatz9w,You've Been Resting Wrong Your Entire Life,Productive Peter,0,0,0
1753085501,HP1Jxmatz9w,You've Been Resting Wrong Your Entire Life,Productive Peter,0,0,0
1753085501,HP1Jxmatz9w,You've Been Resting Wrong Your Entire Life,Productive Peter,0,0,0
1753133685,jqD5w618QZ8,Finca Sobre Ruedas is live!,Finca Sobre Ruedas,0,0,0
1753133685,jqD5w618QZ8,Finca Sobre Ruedas is live!,Finca Sobre Ruedas,0,0,0
1753133685,jqD5w618QZ8,Finca Sobre Ruedas is live!,Finca Sobre Ruedas,0,0,0
1753216301,vQGFD-yF438,uncontrolled landing of the aircraft ep142,star aviation,0,0,0
1753216301,vQGFD-yF438,uncontrolled landing of the aircraft ep142,star aviation,0,0,0
1753216301,vQGFD-yF438,uncontrolled landing of the aircraft ep142,star aviation,0,0,0
1753217135,UvVXdBant0M,PENULTIMATE ROUND Receding Racing: Season 1 on F1 25,GB,0,0,0
1753217135,UvVXdBant0M,PENULTIMATE ROUND Receding Racing: Season 1 on F1 25,GB,0,0,0
1753217135,UvVXdBant0M,PENULTIMATE ROUND Receding Racing: Season 1 on F1 25,GB,0,0,0
1753252271,lVS76zcpZok,EVERYTHING We Know About The Air India Accident!,Mentour Now!,0,0,0
1753252271,lVS76zcpZok,EVERYTHING We Know About The Air India Accident!,Mentour Now!,0,0,0
1753252271,lVS76zcpZok,EVERYTHING We Know About The Air India Accident!,Mentour Now!,0,0,0
1753252882,gZDG-gljGmU,F1 2026 Regulations: What‚Äôs REALLY Changing?,Formula Addict,0,0,0
1753252882,gZDG-gljGmU,F1 2026 Regulations: What‚Äôs REALLY Changing?,Formula Addict,0,0,0
1753252882,gZDG-gljGmU,F1 2026 Regulations: What‚Äôs REALLY Changing?,Formula Addict,0,0,0
1753255778,qc5Ct6pNGkk,isotherm lines -geography #upsc #ugcnet #bpsc #ncrt #geography,Geography with kuldeep,0,0,0
1753255778,qc5Ct6pNGkk,isotherm lines -geography #upsc #ugcnet #bpsc #ncrt #geography,Geography with kuldeep,0,0,0
1753255778,qc5Ct6pNGkk,isotherm lines -geography #upsc #ugcnet #bpsc #ncrt #geography,Geography with kuldeep,0,0,0
1753256024,ndXIvDR1Ix8,"üî¥Do a small business, Selling delicious food, and make money for yourself",Camera records cooked food,0,0,0
1753256024,ndXIvDR1Ix8,"üî¥Do a small business, Selling delicious food, and make money for yourself",Camera records cooked food,0,0,0
1753256024,ndXIvDR1Ix8,"üî¥Do a small business, Selling delicious food, and make money for yourself",Camera records cooked food,0,0,0
1753337542,GcGTofZU2i4,Finale - We Played Snake Across South Korea,Jet Lag: The Game,0,0,0
1753337542,GcGTofZU2i4,Finale - We Played Snake Across South Korea,Jet Lag: The Game,0,0,0
1753337542,GcGTofZU2i4,Finale - We Played Snake Across South Korea,Jet Lag: The Game,0,0,0
1753345605,hDyO5pI9qVU,The World's Smoothest Landing | Boeing 747 | Las Vegas Airport #msfs2024 #aviation,Flight with me,0,0,0
1753345605,hDyO5pI9qVU,The World's Smoothest Landing | Boeing 747 | Las Vegas Airport #msfs2024 #aviation,Flight with me,0,0,0
1753345605,hDyO5pI9qVU,The World's Smoothest Landing | Boeing 747 | Las Vegas Airport #msfs2024 #aviation,Flight with me,0,0,0
1753393870,gbfEmsh3YgI,I write your names,ilies012,0,0,0
1753393870,gbfEmsh3YgI,I write your names,ilies012,0,0,0
1753393870,gbfEmsh3YgI,I write your names,ilies012,0,0,0
1753428123,n_UIDXdlwUs,4 Brutal Truths About Investing Nobody Tells You,thehonestdude,0,0,0
1753428123,n_UIDXdlwUs,4 Brutal Truths About Investing Nobody Tells You,thehonestdude,0,0,0
1753428123,n_UIDXdlwUs,4 Brutal Truths About Investing Nobody Tells You,thehonestdude,0,0,0
1753428717,AlrowLw4dKE,Why SpaceX and NASA Rockets Are So Different,Beyond Facts,0,0,0
1753428717,AlrowLw4dKE,Why SpaceX and NASA Rockets Are So Different,Beyond Facts,0,0,0
1753428717,AlrowLw4dKE,Why SpaceX and NASA Rockets Are So Different,Beyond Facts,0,0,0
1753503329,NBt60JiIUTA,Khelaiya - Vol-1 : Non-Stop Disco Dandiya || Non-Stop Gujarati Garba Songs,Ishtar Regional,0,0,0
1753503329,NBt60JiIUTA,Khelaiya - Vol-1 : Non-Stop Disco Dandiya || Non-Stop Gujarati Garba Songs,Ishtar Regional,0,0,0
1753503329,NBt60JiIUTA,Khelaiya - Vol-1 : Non-Stop Disco Dandiya || Non-Stop Gujarati Garba Songs,Ishtar Regional,0,0,0
1753509490,JKmz12d-Eto,LIVEüî¥-I catching seafood on the seafloor. Look what I caught.-Z726#fishing #ocean #deepsea #beach,Diving boy,0,0,0
1753509490,JKmz12d-Eto,LIVEüî¥-I catching seafood on the seafloor. Look what I caught.-Z726#fishing #ocean #deepsea #beach,Diving boy,0,0,0
1753509490,JKmz12d-Eto,LIVEüî¥-I catching seafood on the seafloor. Look what I caught.-Z726#fishing #ocean #deepsea #beach,Diving boy,0,0,0
1753514102,-jYQ4La9Tv4,"I Invested $419,428.30 by 24 Here‚Äôs What I Learned",Angelo Castillo,0,0,0
1753514102,-jYQ4La9Tv4,"I Invested $419,428.30 by 24 Here‚Äôs What I Learned",Angelo Castillo,0,0,0
1753514102,-jYQ4La9Tv4,"I Invested $419,428.30 by 24 Here‚Äôs What I Learned",Angelo Castillo,0,0,0
1753514184,UU_BrWawbP0,Toppers & Naukri | Standup comedy by Ashish Gupta,Ashish Gupta,0,0,0
1753514184,UU_BrWawbP0,Toppers & Naukri | Standup comedy by Ashish Gupta,Ashish Gupta,0,0,0
1753514184,UU_BrWawbP0,Toppers & Naukri | Standup comedy by Ashish Gupta,Ashish Gupta,0,0,0
1753675432,mWfRj7jo2ZM,Turf Cricket Tournament | Funcho,Funcho,0,0,0
1753675432,mWfRj7jo2ZM,Turf Cricket Tournament | Funcho,Funcho,0,0,0
1753675432,mWfRj7jo2ZM,Turf Cricket Tournament | Funcho,Funcho,0,0,0
1753676018,C2-MpVO86Js,Every New Driver | Funcho,Funcho,0,0,0
1753676018,C2-MpVO86Js,Every New Driver | Funcho,Funcho,0,0,0
1753676018,C2-MpVO86Js,Every New Driver | Funcho,Funcho,0,0,0
1753676716,yApM21L0GgY,Race Highlights | 2025 Belgian Grand Prix,FORMULA 1,0,0,0
1753676716,yApM21L0GgY,Race Highlights | 2025 Belgian Grand Prix,FORMULA 1,0,0,0
1753676716,yApM21L0GgY,Race Highlights | 2025 Belgian Grand Prix,FORMULA 1,0,0,0
1753714614,1o2Nb_3cRYU,WONDERS OF INDIA | Part 3 | 15 Most Breathtaking and Incredible Places You Must Visit | 4k Travel,Travel With Nom Nom,0,0,0
1753714614,1o2Nb_3cRYU,WONDERS OF INDIA | Part 3 | 15 Most Breathtaking and Incredible Places You Must Visit | 4k Travel,Travel With Nom Nom,0,0,0
1753714614,1o2Nb_3cRYU,WONDERS OF INDIA | Part 3 | 15 Most Breathtaking and Incredible Places You Must Visit | 4k Travel,Travel With Nom Nom,0,0,0
1753714945,ekFm9Y-lsAc,Best of Elsa and Anna's Magical Moments | 1-Hour Compilation | Frozen,Disney Kids,0,0,0
1753714945,ekFm9Y-lsAc,Best of Elsa and Anna's Magical Moments | 1-Hour Compilation | Frozen,Disney Kids,0,0,0
1753714945,ekFm9Y-lsAc,Best of Elsa and Anna's Magical Moments | 1-Hour Compilation | Frozen,Disney Kids,0,0,0
1753716192,6dmTmP4Dsw8,"FROZEN Live at the Hyperion 2017 4K ULTRA HD Disney California Adventure, Disneyland",DarthVader92,0,0,0
1753716192,6dmTmP4Dsw8,"FROZEN Live at the Hyperion 2017 4K ULTRA HD Disney California Adventure, Disneyland",DarthVader92,0,0,0
1753716192,6dmTmP4Dsw8,"FROZEN Live at the Hyperion 2017 4K ULTRA HD Disney California Adventure, Disneyland",DarthVader92,0,0,0
1753717036,L0MK7qz13bU,FROZEN | Let It Go Sing-along | Official Disney UK,Disney UK,0,0,0
1753717036,L0MK7qz13bU,FROZEN | Let It Go Sing-along | Official Disney UK,Disney UK,0,0,0
1753717036,L0MK7qz13bU,FROZEN | Let It Go Sing-along | Official Disney UK,Disney UK,0,0,0
1753717280,ZrX1XKtShSI,"Kristen Bell, Idina Menzel - For the First Time in Forever (From ""Frozen""/Sing-Along)",DisneyMusicVEVO,0,0,0
1753717280,ZrX1XKtShSI,"Kristen Bell, Idina Menzel - For the First Time in Forever (From ""Frozen""/Sing-Along)",DisneyMusicVEVO,0,0,0
1753717280,ZrX1XKtShSI,"Kristen Bell, Idina Menzel - For the First Time in Forever (From ""Frozen""/Sing-Along)",DisneyMusicVEVO,0,0,0
1753717535,gIOyB9ZXn8s,"Idina Menzel, AURORA - Into the Unknown (From ""Frozen 2"")",DisneyMusicVEVO,0,0,0
1753717535,gIOyB9ZXn8s,"Idina Menzel, AURORA - Into the Unknown (From ""Frozen 2"")",DisneyMusicVEVO,0,0,0
1753717535,gIOyB9ZXn8s,"Idina Menzel, AURORA - Into the Unknown (From ""Frozen 2"")",DisneyMusicVEVO,0,0,0
1753717746,nrZxwPwmgrw,"Idina Menzel, Evan Rachel Wood - Show Yourself (From ""Frozen 2""/ Sing-Along)",DisneyMusicVEVO,0,0,0
1753717746,nrZxwPwmgrw,"Idina Menzel, Evan Rachel Wood - Show Yourself (From ""Frozen 2""/ Sing-Along)",DisneyMusicVEVO,0,0,0
1753717746,nrZxwPwmgrw,"Idina Menzel, Evan Rachel Wood - Show Yourself (From ""Frozen 2""/ Sing-Along)",DisneyMusicVEVO,0,0,0
1753718574,IyO-vdsgq1s,"Maia Wilson, Cast of Frozen - Fixer Upper (From ""Frozen""/Sing-Along)",DisneyMusicVEVO,0,0,0
1753718574,IyO-vdsgq1s,"Maia Wilson, Cast of Frozen - Fixer Upper (From ""Frozen""/Sing-Along)",DisneyMusicVEVO,0,0,0
1753718574,IyO-vdsgq1s,"Maia Wilson, Cast of Frozen - Fixer Upper (From ""Frozen""/Sing-Along)",DisneyMusicVEVO,0,0,0
1753718755,nLGBEETtEPc,"That Time of Year (From ""Olaf's Frozen Adventure"")",DisneyMusicVEVO,0,0,0
1753718755,nLGBEETtEPc,"That Time of Year (From ""Olaf's Frozen Adventure"")",DisneyMusicVEVO,0,0,0
1753718755,nLGBEETtEPc,"That Time of Year (From ""Olaf's Frozen Adventure"")",DisneyMusicVEVO,0,0,0
1753719330,nVW9QOIeqQg,"Some Things Never Change (From ""Frozen 2""/Sing-Along)",DisneyMusicVEVO,0,0,0
1753719330,nVW9QOIeqQg,"Some Things Never Change (From ""Frozen 2""/Sing-Along)",DisneyMusicVEVO,0,0,0
1753719330,nVW9QOIeqQg,"Some Things Never Change (From ""Frozen 2""/Sing-Along)",DisneyMusicVEVO,0,0,0
1753730024,LoxoKEQb1tQ,Moraliyu | ‡™Æ‡´ã‡™∞‡™≤‡´Ä‡™Ø‡´Å | Kairavi Buch |  Non Stop Garba | Navratri 2022 | Tran Tali,Kairavi Buch,0,0,0
1753730024,LoxoKEQb1tQ,Moraliyu | ‡™Æ‡´ã‡™∞‡™≤‡´Ä‡™Ø‡´Å | Kairavi Buch |  Non Stop Garba | Navratri 2022 | Tran Tali,Kairavi Buch,0,0,0
1753730024,LoxoKEQb1tQ,Moraliyu | ‡™Æ‡´ã‡™∞‡™≤‡´Ä‡™Ø‡´Å | Kairavi Buch |  Non Stop Garba | Navratri 2022 | Tran Tali,Kairavi Buch,0,0,0
1753730121,v4KwC3vanEg,Aishwarya Majmudar | Navratri Nostop Garba | Dj Dandiya | Ram Audio,Ram Audio,0,0,0
1753730121,v4KwC3vanEg,Aishwarya Majmudar | Navratri Nostop Garba | Dj Dandiya | Ram Audio,Ram Audio,0,0,0
1753730121,v4KwC3vanEg,Aishwarya Majmudar | Navratri Nostop Garba | Dj Dandiya | Ram Audio,Ram Audio,0,0,0
1753767641,tqT039Sicxs,SIM VR (Portrait),LineTux,0,0,0
1753767641,tqT039Sicxs,SIM VR (Portrait),LineTux,0,0,0
1753767641,tqT039Sicxs,SIM VR (Portrait),LineTux,0,0,0
1753769472,2fCrinbWVQ4,Kapil Ko Nahin Pata Tha Air Hostess Ka Bhi Visa Hota Hai #kapilsharma #bollywood #comedyshow,ADMD Laughter Show,0,0,0
1753769472,2fCrinbWVQ4,Kapil Ko Nahin Pata Tha Air Hostess Ka Bhi Visa Hota Hai #kapilsharma #bollywood #comedyshow,ADMD Laughter Show,0,0,0
1753769472,2fCrinbWVQ4,Kapil Ko Nahin Pata Tha Air Hostess Ka Bhi Visa Hota Hai #kapilsharma #bollywood #comedyshow,ADMD Laughter Show,0,0,0
1753769728,vgxGhzuhZg4,What will be India's squad for Asia¬†Cup? #AapkiVani,Aakash Chopra,0,0,0
1753769728,vgxGhzuhZg4,What will be India's squad for Asia¬†Cup? #AapkiVani,Aakash Chopra,0,0,0
1753769728,vgxGhzuhZg4,What will be India's squad for Asia¬†Cup? #AapkiVani,Aakash Chopra,0,0,0
1753770922,DIDyp8Hum7s,How Much You Should Invest At Every Income (with data),Jarrad Morrow,0,0,0
1753770922,DIDyp8Hum7s,How Much You Should Invest At Every Income (with data),Jarrad Morrow,0,0,0
1753770922,DIDyp8Hum7s,How Much You Should Invest At Every Income (with data),Jarrad Morrow,0,0,0
1753848171,JPNAM-C6clk,Watch me mentally waterboard Neil deGrasse Tyson with my ignorance,Hasan Minhaj,0,0,0
1753848171,JPNAM-C6clk,Watch me mentally waterboard Neil deGrasse Tyson with my ignorance,Hasan Minhaj,0,0,0
1753848171,JPNAM-C6clk,Watch me mentally waterboard Neil deGrasse Tyson with my ignorance,Hasan Minhaj,0,0,0
1753889148,cjtMLginny0,Mythpat- main apne upar paani daal dunga SuhaniüòÇ,Suhani Shah Shorts,0,0,0
1753889148,cjtMLginny0,Mythpat- main apne upar paani daal dunga SuhaniüòÇ,Suhani Shah Shorts,0,0,0
1753889148,cjtMLginny0,Mythpat- main apne upar paani daal dunga SuhaniüòÇ,Suhani Shah Shorts,0,0,0
1753889664,bn2wVSc9pY8,How I Would Invest $1000 If I Were In My 20s,Mark Tilbury,0,0,0
1753889664,bn2wVSc9pY8,How I Would Invest $1000 If I Were In My 20s,Mark Tilbury,0,0,0
1753889664,bn2wVSc9pY8,How I Would Invest $1000 If I Were In My 20s,Mark Tilbury,0,0,0
1753922447,0-1CW_rtsng,Bhide's Plan For New Year Party | Taarak Mehta Ka Ooltah Chashmah | Bhide Fun Files,Taarak Mehta Ka Ooltah Chashmah Episodes,0,0,0
1753922447,0-1CW_rtsng,Bhide's Plan For New Year Party | Taarak Mehta Ka Ooltah Chashmah | Bhide Fun Files,Taarak Mehta Ka Ooltah Chashmah Episodes,0,0,0
1753922447,0-1CW_rtsng,Bhide's Plan For New Year Party | Taarak Mehta Ka Ooltah Chashmah | Bhide Fun Files,Taarak Mehta Ka Ooltah Chashmah Episodes,0,0,0
1753946071,Lmz_jFsKdpE,Simply Explaining Complex Everyday Things,EverythingProfessor,0,0,0
1753946071,Lmz_jFsKdpE,Simply Explaining Complex Everyday Things,EverythingProfessor,0,0,0
1753946071,Lmz_jFsKdpE,Simply Explaining Complex Everyday Things,EverythingProfessor,0,0,0
1754004673,OQaVGdhsa4c,Jethalal's dinner plan | Taarak Mehta Ka Ooltah Chashmah | Bhide Ka Naya Scooter,Taarak Mehta Ka Ooltah Chashmah Episodes,0,0,0
1754004673,OQaVGdhsa4c,Jethalal's dinner plan | Taarak Mehta Ka Ooltah Chashmah | Bhide Ka Naya Scooter,Taarak Mehta Ka Ooltah Chashmah Episodes,0,0,0
1754004673,OQaVGdhsa4c,Jethalal's dinner plan | Taarak Mehta Ka Ooltah Chashmah | Bhide Ka Naya Scooter,Taarak Mehta Ka Ooltah Chashmah Episodes,0,0,0
1754027787,895SLIsm2MA,I Surprised My Brother With His DREAM Car,Mrwhosetheboss,0,0,0
1754027787,895SLIsm2MA,I Surprised My Brother With His DREAM Car,Mrwhosetheboss,0,0,0
1754027787,895SLIsm2MA,I Surprised My Brother With His DREAM Car,Mrwhosetheboss,0,0,0
1754090256,oTmX8gp2gMM,WHY AM I PLAYING THIS ON MY BIRTHDAY?! üéÇüíÄ,IDNassir,0,0,0
1754090256,oTmX8gp2gMM,WHY AM I PLAYING THIS ON MY BIRTHDAY?! üéÇüíÄ,IDNassir,0,0,0
1754090256,oTmX8gp2gMM,WHY AM I PLAYING THIS ON MY BIRTHDAY?! üéÇüíÄ,IDNassir,0,0,0
1754091254,l8A0_4GZ3Nw,Why Is Bapuji Scolding Jethalal? | Taarak Mehta Ka Ooltah Chashmah | Champak Huwa Gussa,Taarak Mehta Ka Ooltah Chashmah Episodes,0,0,0
1754091254,l8A0_4GZ3Nw,Why Is Bapuji Scolding Jethalal? | Taarak Mehta Ka Ooltah Chashmah | Champak Huwa Gussa,Taarak Mehta Ka Ooltah Chashmah Episodes,0,0,0
1754091254,l8A0_4GZ3Nw,Why Is Bapuji Scolding Jethalal? | Taarak Mehta Ka Ooltah Chashmah | Champak Huwa Gussa,Taarak Mehta Ka Ooltah Chashmah Episodes,0,0,0
1754117042,BRw5_UbFD14,Why the North Sea Is One of the World‚Äôs Deadliest Waters,Epic Adventure Archives,0,0,0
1754117042,BRw5_UbFD14,Why the North Sea Is One of the World‚Äôs Deadliest Waters,Epic Adventure Archives,0,0,0
1754117042,BRw5_UbFD14,Why the North Sea Is One of the World‚Äôs Deadliest Waters,Epic Adventure Archives,0,0,0
1754121081,TO5PjJcLDgE,Krishna‚Äôs Dark Secrets Unveiled ! ‡§ï‡•à‡§∏‡•á ‡§Æ‡§ø‡§≤‡•á‡§Ç‡§ó‡•á ‡§ï‡•É‡§∑‡•ç‡§£ ? Podcast of Indresh Upadhyay by A2 !,A2 Motivation by Arvind Arora,0,0,0
1754121081,TO5PjJcLDgE,Krishna‚Äôs Dark Secrets Unveiled ! ‡§ï‡•à‡§∏‡•á ‡§Æ‡§ø‡§≤‡•á‡§Ç‡§ó‡•á ‡§ï‡•É‡§∑‡•ç‡§£ ? Podcast of Indresh Upadhyay by A2 !,A2 Motivation by Arvind Arora,0,0,0
1754121081,TO5PjJcLDgE,Krishna‚Äôs Dark Secrets Unveiled ! ‡§ï‡•à‡§∏‡•á ‡§Æ‡§ø‡§≤‡•á‡§Ç‡§ó‡•á ‡§ï‡•É‡§∑‡•ç‡§£ ? Podcast of Indresh Upadhyay by A2 !,A2 Motivation by Arvind Arora,0,0,0
1754176585,5MKilEbDLh4,Why Is Jethalal Angry After Having Sweets? | Taarak Mehta Ka Ooltah Chashmah | Champak Huwa Gussa,Taarak Mehta Ka Ooltah Chashmah Episodes,0,0,0
1754176585,5MKilEbDLh4,Why Is Jethalal Angry After Having Sweets? | Taarak Mehta Ka Ooltah Chashmah | Champak Huwa Gussa,Taarak Mehta Ka Ooltah Chashmah Episodes,0,0,0
1754176585,5MKilEbDLh4,Why Is Jethalal Angry After Having Sweets? | Taarak Mehta Ka Ooltah Chashmah | Champak Huwa Gussa,Taarak Mehta Ka Ooltah Chashmah Episodes,0,0,0
1754203220,s3pNSLFNWSk,Can India Win The 5th Test? | #Aakashvani | #ENGvsIND,Aakash Chopra,0,0,0
1754203220,s3pNSLFNWSk,Can India Win The 5th Test? | #Aakashvani | #ENGvsIND,Aakash Chopra,0,0,0
1754203220,s3pNSLFNWSk,Can India Win The 5th Test? | #Aakashvani | #ENGvsIND,Aakash Chopra,0,0,0
1754247501,MVB1cbe923A,Building a recommendation system using deep learning,Abhishek Thakur,0,0,0
1754247501,MVB1cbe923A,Building a recommendation system using deep learning,Abhishek Thakur,0,0,0
1754247501,MVB1cbe923A,Building a recommendation system using deep learning,Abhishek Thakur,0,0,0
1754247709,HOMXxrSrNuw,00. Project Teaser | Movie Recommender System | Machine Learning,DSwithBappy,0,0,0
1754247709,HOMXxrSrNuw,00. Project Teaser | Movie Recommender System | Machine Learning,DSwithBappy,0,0,0
1754247709,HOMXxrSrNuw,00. Project Teaser | Movie Recommender System | Machine Learning,DSwithBappy,0,0,0
1754247723,Q7mS1VHm3Yw,"LLM Course ‚Äì Build a Semantic Book Recommender (Python, OpenAI, LangChain, Gradio)",freeCodeCamp.org,0,0,0
1754247723,Q7mS1VHm3Yw,"LLM Course ‚Äì Build a Semantic Book Recommender (Python, OpenAI, LangChain, Gradio)",freeCodeCamp.org,0,0,0
1754247723,Q7mS1VHm3Yw,"LLM Course ‚Äì Build a Semantic Book Recommender (Python, OpenAI, LangChain, Gradio)",freeCodeCamp.org,0,0,0
1754247925,G4MBc40rQ2k,Building a Recommendation System in Python,Spencer Pao,0,0,0
1754247925,G4MBc40rQ2k,Building a Recommendation System in Python,Spencer Pao,0,0,0
1754247925,G4MBc40rQ2k,Building a Recommendation System in Python,Spencer Pao,0,0,0
1754318978,5OwcsVw-N8k,Minecraft tnt run,Skull1658,0,0,0
1754318978,5OwcsVw-N8k,Minecraft tnt run,Skull1658,0,0,0
1754318978,5OwcsVw-N8k,Minecraft tnt run,Skull1658,0,0,0
1754320171,Ml16g_qNIqw,Ranking the 10 Most ICONIC F1 Liveries Ever,MARS,0,0,0
1754320171,Ml16g_qNIqw,Ranking the 10 Most ICONIC F1 Liveries Ever,MARS,0,0,0
1754320171,Ml16g_qNIqw,Ranking the 10 Most ICONIC F1 Liveries Ever,MARS,0,0,0
1754320172,KyyDuxjVI7Y,10 Cheapest States to live in America in 2025,Daily Americano,0,0,0
1754320172,KyyDuxjVI7Y,10 Cheapest States to live in America in 2025,Daily Americano,0,0,0
1754320172,KyyDuxjVI7Y,10 Cheapest States to live in America in 2025,Daily Americano,0,0,0
1754320231,amJNZxofSZk,Historic WIN for üáÆüá≥ At The Oval | #Aakashvani | #ENGvsIND,Aakash Chopra,0,0,0
1754320231,amJNZxofSZk,Historic WIN for üáÆüá≥ At The Oval | #Aakashvani | #ENGvsIND,Aakash Chopra,0,0,0
1754320231,amJNZxofSZk,Historic WIN for üáÆüá≥ At The Oval | #Aakashvani | #ENGvsIND,Aakash Chopra,0,0,0
1754334099,yzr2rXRGJz8,Siraj Takes 5fer in UNBELIEVABLE Finish! | Highlights - England v India Day 5 | Rothesay Test 2025,England & Wales Cricket Board,0,0,0
1754334099,yzr2rXRGJz8,Siraj Takes 5fer in UNBELIEVABLE Finish! | Highlights - England v India Day 5 | Rothesay Test 2025,England & Wales Cricket Board,0,0,0
1754334099,yzr2rXRGJz8,Siraj Takes 5fer in UNBELIEVABLE Finish! | Highlights - England v India Day 5 | Rothesay Test 2025,England & Wales Cricket Board,0,0,0
1754334650,t5jAJgffdJ4,"Mohammed Siraj, KL Rahul INSTANT reaction as joyous India celebrations take over The Oval",Sky Sports Cricket,0,0,0
1754334650,t5jAJgffdJ4,"Mohammed Siraj, KL Rahul INSTANT reaction as joyous India celebrations take over The Oval",Sky Sports Cricket,0,0,0
1754334650,t5jAJgffdJ4,"Mohammed Siraj, KL Rahul INSTANT reaction as joyous India celebrations take over The Oval",Sky Sports Cricket,0,0,0
1754336464,tBIBSmTj74A,STOP trying to UPGRADE your MacBook... PLEASE!,Arthur Winer,0,0,0
1754336464,tBIBSmTj74A,STOP trying to UPGRADE your MacBook... PLEASE!,Arthur Winer,0,0,0
1754336464,tBIBSmTj74A,STOP trying to UPGRADE your MacBook... PLEASE!,Arthur Winer,0,0,0
1754336581,M-nWBQp5jO4,Ultimate External Storage Guide for Mac - Don't buy the WRONG Storage!,Apple Wale Bhaiya,0,0,0
1754336581,M-nWBQp5jO4,Ultimate External Storage Guide for Mac - Don't buy the WRONG Storage!,Apple Wale Bhaiya,0,0,0
1754336581,M-nWBQp5jO4,Ultimate External Storage Guide for Mac - Don't buy the WRONG Storage!,Apple Wale Bhaiya,0,0,0
1754349292,cOJwGIqG0WE,Iyer Expresses His Gratitude Towards Jethalal | Taarak Mehta Ka Ooltah Chashmah | Smartphone,Taarak Mehta Ka Ooltah Chashmah Episodes,0,0,0
1754349292,cOJwGIqG0WE,Iyer Expresses His Gratitude Towards Jethalal | Taarak Mehta Ka Ooltah Chashmah | Smartphone,Taarak Mehta Ka Ooltah Chashmah Episodes,0,0,0
1754349292,cOJwGIqG0WE,Iyer Expresses His Gratitude Towards Jethalal | Taarak Mehta Ka Ooltah Chashmah | Smartphone,Taarak Mehta Ka Ooltah Chashmah Episodes,0,0,0
1754425546,toKKnzy5eM0,elena_nanu is live!,elena_nanu,0,0,0
1754425546,toKKnzy5eM0,elena_nanu is live!,elena_nanu,0,0,0
1754425546,toKKnzy5eM0,elena_nanu is live!,elena_nanu,0,0,0
1754461682,W1FzfKrT5LM,I Tried America's Most Dangerous Sport,Dude Perfect,0,0,0
1754461682,W1FzfKrT5LM,I Tried America's Most Dangerous Sport,Dude Perfect,0,0,0
1754461682,W1FzfKrT5LM,I Tried America's Most Dangerous Sport,Dude Perfect,0,0,0
1754507507,lLtktmvjFuI,"How to Make a Great ""End of Internship"" Presentation",Envato Tuts+,0,0,0
1754507507,lLtktmvjFuI,"How to Make a Great ""End of Internship"" Presentation",Envato Tuts+,0,0,0
1754507507,lLtktmvjFuI,"How to Make a Great ""End of Internship"" Presentation",Envato Tuts+,0,0,0
1754515655,ZhIVZHEh-7w,Ice Cream Man Live üç¶üç¶üç¶ 24,Ice Cream Man,0,0,0
1754515655,ZhIVZHEh-7w,Ice Cream Man Live üç¶üç¶üç¶ 24,Ice Cream Man,0,0,0
1754515655,ZhIVZHEh-7w,Ice Cream Man Live üç¶üç¶üç¶ 24,Ice Cream Man,0,0,0
1754530704,1vSV9_dyqWI,"SATSANG YATRA USA DAY 1 || TERRE HAUTE, INDIANA || UNITED STATES OF AMERICA ||",RADHE RADHE OFFICIAL,0,0,0
1754530704,1vSV9_dyqWI,"SATSANG YATRA USA DAY 1 || TERRE HAUTE, INDIANA || UNITED STATES OF AMERICA ||",RADHE RADHE OFFICIAL,0,0,0
1754530704,1vSV9_dyqWI,"SATSANG YATRA USA DAY 1 || TERRE HAUTE, INDIANA || UNITED STATES OF AMERICA ||",RADHE RADHE OFFICIAL,0,0,0
1754532925,6jig0F2350o,‡™∂‡™Ç‡™≠‡´Å ‡™∂‡™∞‡™£‡´á ‡™™‡™°‡´Ä | ‡™∏‡™Ç‡™§‡™µ‡™æ‡™£‡´Ä ‡™≠‡™ú‡™® | ‡™™.‡™™‡´Å‡™Ç. ‡™®‡™æ‡™∞‡™æ‡™Ø‡™£ ‡™∏‡´ç‡™µ‡™æ‡™Æ‡´Ä | Shambhu Sarane Padi |  Narayan Swami | VND Film,VND Film,0,0,0
1754532925,6jig0F2350o,‡™∂‡™Ç‡™≠‡´Å ‡™∂‡™∞‡™£‡´á ‡™™‡™°‡´Ä | ‡™∏‡™Ç‡™§‡™µ‡™æ‡™£‡´Ä ‡™≠‡™ú‡™® | ‡™™.‡™™‡´Å‡™Ç. ‡™®‡™æ‡™∞‡™æ‡™Ø‡™£ ‡™∏‡´ç‡™µ‡™æ‡™Æ‡´Ä | Shambhu Sarane Padi |  Narayan Swami | VND Film,VND Film,0,0,0
1754532925,6jig0F2350o,‡™∂‡™Ç‡™≠‡´Å ‡™∂‡™∞‡™£‡´á ‡™™‡™°‡´Ä | ‡™∏‡™Ç‡™§‡™µ‡™æ‡™£‡´Ä ‡™≠‡™ú‡™® | ‡™™.‡™™‡´Å‡™Ç. ‡™®‡™æ‡™∞‡™æ‡™Ø‡™£ ‡™∏‡´ç‡™µ‡™æ‡™Æ‡´Ä | Shambhu Sarane Padi |  Narayan Swami | VND Film,VND Film,0,0,0
1754543290,1h648ZlJFtM,Chicago is Building a Skyscraper in an Abandoned Hole,The B1M,0,0,0
1754543290,1h648ZlJFtM,Chicago is Building a Skyscraper in an Abandoned Hole,The B1M,0,0,0
1754543290,1h648ZlJFtM,Chicago is Building a Skyscraper in an Abandoned Hole,The B1M,0,0,0
1754543693,KnZEH3-9pnM,Who is the Strongest Dude?,Dude Perfect,0,0,0
1754543693,KnZEH3-9pnM,Who is the Strongest Dude?,Dude Perfect,0,0,0
1754543693,KnZEH3-9pnM,Who is the Strongest Dude?,Dude Perfect,0,0,0
1754549990,j8H3QjR0dKc,BELIEVE: The Diwali Miracle Part 2 | Virat Kohli re-lives his incredible innings v Pak in T20WC 2022,Star Sports,0,0,0
1754549990,j8H3QjR0dKc,BELIEVE: The Diwali Miracle Part 2 | Virat Kohli re-lives his incredible innings v Pak in T20WC 2022,Star Sports,0,0,0
1754549990,j8H3QjR0dKc,BELIEVE: The Diwali Miracle Part 2 | Virat Kohli re-lives his incredible innings v Pak in T20WC 2022,Star Sports,0,0,0
1754609179,jrmN1zggt_k,Why Is Jethalal Upset? | Taarak Mehta Ka Ooltah Chashmah | Society Repairing,Taarak Mehta Ka Ooltah Chashmah Episodes,0,0,0
1754609179,jrmN1zggt_k,Why Is Jethalal Upset? | Taarak Mehta Ka Ooltah Chashmah | Society Repairing,Taarak Mehta Ka Ooltah Chashmah Episodes,0,0,0
1754609179,jrmN1zggt_k,Why Is Jethalal Upset? | Taarak Mehta Ka Ooltah Chashmah | Society Repairing,Taarak Mehta Ka Ooltah Chashmah Episodes,0,0,0
1754632411,n1jnnq4XMEo,Chrissy Eats is live! Wingstop Q&A Mukbang!,Chrissy Eats,0,0,0
1754632411,n1jnnq4XMEo,Chrissy Eats is live! Wingstop Q&A Mukbang!,Chrissy Eats,0,0,0
1754632411,n1jnnq4XMEo,Chrissy Eats is live! Wingstop Q&A Mukbang!,Chrissy Eats,0,0,0
1754716336,yPQaF4B8pvg,,,0,0,0
1754716336,yPQaF4B8pvg,,,0,0,0
1754716386,lbOFEYEj274,,,0,0,0
1754716386,lbOFEYEj274,,,0,0,0
1754716406,w7GAgyTEZGQ,,,0,0,0
1754716406,w7GAgyTEZGQ,,,0,0,0
1754722987,muzeGsrYpnQ,Nerf Blasters Floating Island Battle | Dude Perfect,Dude Perfect,0,0,0
1754726645,gIjJTEJ7soQ,Luckiest Dude Wins,Dude Perfect,0,0,0
1754726734,ps_kAcAqOBs,IYER KI SURPRISE GIFT! I FULL MOVIE I Taarak Mehta Ka Ooltah Chashmah | ‡§§‡§æ‡§∞‡§ï ‡§Æ‡•á‡§π‡§§‡§æ ‡§ï‡§æ ‡§â‡§≤‡•ç‡§ü‡§æ ‡§ö‡§∂‡•ç‡§Æ‡§æ,Taarak Mehta Ka Ooltah Chashmah,0,0,0
1754726771,NghOZFkPNUc,World‚Äôs Strongest Man vs TANK!,Jeremy Hutchins,0,0,0
1754726811,den9EcnLzo0,7 EXTREME Challenges You'd NEVER Try!,Jeremy Hutchins,0,0,0
1754726841,J01qBI6SZyw,Gymnastics Team Vs World's Strongest Man,Rebecca Zamolo,0,0,0
1754772051,Gzfeog1a4qw,Taarak Mehta Ka Ooltah Chashmah - Episode 1065 - Full Episode,Taarak Mehta Ka Ooltah Chashmah Episodes,0,0,0
1754772084,a9codZPpPUs,WORLD'S STRONGEST KID VS ADULTS!!,Alexa Rivera,0,0,0
1754776209,S1l8RQbzgjU,Jethalal Losses Business! | FULL MOVIE | Part 1 | Taarak Mehta Ka Ooltah Chashmah  Ep 455 to 457,Taarak Mehta Ka Ooltah Chashmah,0,0,0
1754781716,xJoY2HBNk10,"Gymnast vs Giant! Who is Stronger, Payton or the bodybuilder?",Ninja Kidz TV,0,0,0
1754781745,DqMemzfW_0U,KID vs ADULTS EXTREME GYMNASTICS CHALLENGE,Jordan Matter,0,0,0
1754805524,E16WhXcIghM,Team Animals - Stand-Up Comedy by Abhishek Upmanyu,Abhishek Upmanyu,0,0,0
1754805595,PKE0XyJQsms,"I WON $100,000 IN SQUID GAME",Techno Gamerz,0,0,0
1754805625,AUrLMJQf2Bw,Shot on iPhone 16 Pro | Big Man - Starring Stormzy | Apple,Apple,0,0,0
1754808586,0e3GPea1Tyg,"$456,000 Squid Game In Real Life!",MrBeast,0,0,0
1754808602,NDsO1LT_0lw,I Spent 100 Hours Inside The Pyramids!,MrBeast,0,0,0
1754861111,geIhl_VE0IA,NASA'S Plutonium Problem,Real Engineering,0,0,0
1754880772,qkxuFKqJXWY,Roommate - Stand Up Comedy Ft. Anubhav Singh Bassi,Anubhav Singh Bassi,0,0,0
1754881033,bC_BreG_oQI,1Ô∏è‚É£0Ô∏è‚É£ Fours & 1Ô∏è‚É£5Ô∏è‚É£7Ô∏è‚É£.1Ô∏è‚É£4Ô∏è‚É£ Strike Rate | Nat Sciver-Brunt Hits 6Ô∏è‚É£6Ô∏è‚É£ | England Women v India,England & Wales Cricket Board,0,0,0
1754883459,BZkJH_rn7TI,The Most Wanted Shipwreck,Primal Space,0,0,0
1754884042,J3i3F2e4IYs,The Biggest Misconception in Football (ft. Tom Brady),Veritasium,0,0,0
1754884119,hrPtK5D5yn4,Race Highlights | 2025 Hungarian Grand Prix,FORMULA 1,0,0,0
1754884186,zajUgQLviwk,"Last to Leave Their Circle Wins $500,000",MrBeast,0,0,0
1754884321,Efm8R5HHj-k,Taarak Mehta Ka Ooltah Chashmah - Episode 1901 - Full Episode,Taarak Mehta Ka Ooltah Chashmah Episodes,0,0,0
1754887437,NSYLtIgUsNo,‡™∂‡™Ç‡™≠‡´Å ‡™∂‡™∞‡™£‡´á ‡™™‡™°‡´Ä Shambhu Sharne Padi | ‡™∂‡™ø‡™µ ‡™≠‡™ú‡™® Shiv Bhajan | Gujarati Bhajan | Bhakti Song,Nova Gujarati,0,0,0
1754888731,sF5LYGgKbUA,Every Minute One Person Is Eliminated,MrBeast,0,0,0
1754889767,Q56PMJbCFXQ,The Most Dangerous Building in Manhattan,Veritasium,0,0,0
1754889797,1NkBfLBov5Q,The Collapse of World Trade Center | The Complete Physics,Sabin Civil Engineering,0,0,0
1754890395,t5cJB6JL0_k,Underwater Constructions | How do Engineers Make Them?,Sabin Civil Engineering,0,0,0
